state,district,tehsil,village_en,lgd_village_code
Bihar,Gaya,Bodh Gaya,Adham khap,256551
Bihar,Gaya,Bodh Gaya,Agani,256489
Bihar,Gaya,Bodh Gaya,Amar Bigha,256502
Bihar,Gaya,Bodh Gaya,Antiya,256515
Bihar,Gaya,Bodh Gaya,Arjun Bigha,256554
Bihar,Gaya,Bodh Gaya,Asni,256544
Bihar,Gaya,Bodh Gaya,Atiya,256580
Bihar,Gaya,Bodh Gaya,Aunra,256558
Bihar,Gaya,Bodh Gaya,Babhni,256582
Bihar,Gaya,Bodh Gaya,Badar Khap,256525
Bihar,Gaya,Bodh Gaya,Bagahi Khurd,256609
Bihar,Gaya,Bodh Gaya,Bagdaha,256500
Bihar,Gaya,Bodh Gaya,Bagha Khap,256527
Bihar,Gaya,Bodh Gaya,Bairi chak,256533
Bihar,Gaya,Bodh Gaya,Bajraha,256521
Bihar,Gaya,Bodh Gaya,Bakraur,256509
Bihar,Gaya,Bodh Gaya,Banarsi Bigha,256606
Bihar,Gaya,Bodh Gaya,Bara,256564
Bihar,Gaya,Bodh Gaya,Baraini,256530
Bihar,Gaya,Bodh Gaya,Barawan,256488
Bihar,Gaya,Bodh Gaya,Basari,256592
Bihar,Gaya,Bodh Gaya,Bataspur,256593
Bihar,Gaya,Bodh Gaya,Bela Dih,256531
Bihar,Gaya,Bodh Gaya,Bhaiya Bigha,256498
Bihar,Gaya,Bodh Gaya,Bhalua,256512
Bihar,Gaya,Bodh Gaya,Bhanwarbar,256563
Bihar,Gaya,Bodh Gaya,Bhusia,256487
Bihar,Gaya,Bodh Gaya,Birhut,256492
Bihar,Gaya,Bodh Gaya,Budhaul,256596
Bihar,Gaya,Bodh Gaya,Chhanchh,256602
Bihar,Gaya,Bodh Gaya,Dadpur,256546
Bihar,Gaya,Bodh Gaya,Dhamare,256547
Bihar,Gaya,Bodh Gaya,Dhanawan,256505
Bihar,Gaya,Bodh Gaya,Dhanawan,256537
Bihar,Gaya,Bodh Gaya,Dhandhawa,256514
Bihar,Gaya,Bodh Gaya,Diprahiya,256524
Bihar,Gaya,Bodh Gaya,Dirawan,256484
Bihar,Gaya,Bodh Gaya,Dulra,256520
Bihar,Gaya,Bodh Gaya,Dumri,256482
Bihar,Gaya,Bodh Gaya,Dumri,256595
Bihar,Gaya,Bodh Gaya,Ehiyapur,256490
Bihar,Gaya,Bodh Gaya,Gangahar,256581
Bihar,Gaya,Bodh Gaya,Gapha Kalan,256616
Bihar,Gaya,Bodh Gaya,Gapha Khurd,256617
Bihar,Gaya,Bodh Gaya,Gean Khap,256556
Bihar,Gaya,Bodh Gaya,Ghogharia,256594
Bihar,Gaya,Bodh Gaya,Gohati,256557
Bihar,Gaya,Bodh Gaya,Gortorwa,256599
Bihar,Gaya,Bodh Gaya,Gothu,256585
Bihar,Gaya,Bodh Gaya,Guri,256523
Bihar,Gaya,Bodh Gaya,Harli Kalan,256598
Bihar,Gaya,Bodh Gaya,Harli Khurd,256613
Bihar,Gaya,Bodh Gaya,Hathiar,256589
Bihar,Gaya,Bodh Gaya,Ilara,256518
Bihar,Gaya,Bodh Gaya,Inguna,256561
Bihar,Gaya,Bodh Gaya,Intara,256549
Bihar,Gaya,Bodh Gaya,Jahan Bigha,256503
Bihar,Gaya,Bodh Gaya,Jamari,256493
Bihar,Gaya,Bodh Gaya,Jani Bigha,256619
Bihar,Gaya,Bodh Gaya,Jarahara,256612
Bihar,Gaya,Bodh Gaya,Jhikatiya,256534
Bihar,Gaya,Bodh Gaya,Jindapur,256569
Bihar,Gaya,Bodh Gaya,Jodhpur,256604
Bihar,Gaya,Bodh Gaya,Kachanpur,256501
Bihar,Gaya,Bodh Gaya,Kanhaul,256608
Bihar,Gaya,Bodh Gaya,Karman Dhab,256529
Bihar,Gaya,Bodh Gaya,Kazi chak,256583
Bihar,Gaya,Bodh Gaya,Kewal,256601
Bihar,Gaya,Bodh Gaya,Khaira Bara,256618
Bihar,Gaya,Bodh Gaya,Khajawati,256584
Bihar,Gaya,Bodh Gaya,Khap,256532
Bihar,Gaya,Bodh Gaya,Kharanti,256504
Bihar,Gaya,Bodh Gaya,Kharanti,256548
Bihar,Gaya,Bodh Gaya,Kharauna,256545
Bihar,Gaya,Bodh Gaya,Kishunpur Jarhari,256611
Bihar,Gaya,Bodh Gaya,Kolhaura,256513
Bihar,Gaya,Bodh Gaya,Kolkha,256536
Bihar,Gaya,Bodh Gaya,Koshila,256579
Bihar,Gaya,Bodh Gaya,Kubri,256535
Bihar,Gaya,Bodh Gaya,Kurmawan,256483
Bihar,Gaya,Bodh Gaya,Kurum Dih,256620
Bihar,Gaya,Bodh Gaya,Larpur,256494
Bihar,Gaya,Bodh Gaya,Lohara,256496
Bihar,Gaya,Bodh Gaya,Lohara chapri,256610
Bihar,Gaya,Bodh Gaya,Mahuet,256614
Bihar,Gaya,Bodh Gaya,Mahurar,256511
Bihar,Gaya,Bodh Gaya,Majhauli,256562
Bihar,Gaya,Bodh Gaya,Manik chak,256576
Bihar,Gaya,Bodh Gaya,Mankosi,256607
Bihar,Gaya,Bodh Gaya,Matihani,256565
Bihar,Gaya,Bodh Gaya,Mirchehar,256555
Bihar,Gaya,Bodh Gaya,Mobarakpur,256540
Bihar,Gaya,Bodh Gaya,Mocharim,256572
Bihar,Gaya,Bodh Gaya,Mohimapur,256574
Bihar,Gaya,Bodh Gaya,Mora Mardana,256559
Bihar,Gaya,Bodh Gaya,Moratal,256603
Bihar,Gaya,Bodh Gaya,Moti chak,256560
Bihar,Gaya,Bodh Gaya,Motiya chak,256605
Bihar,Gaya,Bodh Gaya,Musatpura,256507
Bihar,Gaya,Bodh Gaya,Nanwan,256615
Bihar,Gaya,Bodh Gaya,Narkatiya,256591
Bihar,Gaya,Bodh Gaya,Naudiha,256517
Bihar,Gaya,Bodh Gaya,Nawan,256497
Bihar,Gaya,Bodh Gaya,Nimahar,256578
Bihar,Gaya,Bodh Gaya,Niman,256587
Bihar,Gaya,Bodh Gaya,Niskha,256539
Bihar,Gaya,Bodh Gaya,Paner,256543
Bihar,Gaya,Bodh Gaya,Panrariya,256538
Bihar,Gaya,Bodh Gaya,Parahanda,256516
Bihar,Gaya,Bodh Gaya,Parariya,256552
Bihar,Gaya,Bodh Gaya,Parewa,256495
Bihar,Gaya,Bodh Gaya,Parsa Kalan,256485
Bihar,Gaya,Bodh Gaya,Parsawan,256486
Bihar,Gaya,Bodh Gaya,Parsawan,256553
Bihar,Gaya,Bodh Gaya,Pathalgarh,256570
Bihar,Gaya,Bodh Gaya,Pathra,256566
Bihar,Gaya,Bodh Gaya,Rasulganj,256491
Bihar,Gaya,Bodh Gaya,Ratnara Ganga Bigha,256508
Bihar,Gaya,Bodh Gaya,Ratnari,256519
Bihar,Gaya,Bodh Gaya,Sahade Khap,256526
Bihar,Gaya,Bodh Gaya,Sahdew khap,256575
Bihar,Gaya,Bodh Gaya,Sahnu,256542
Bihar,Gaya,Bodh Gaya,Saidpur,256600
Bihar,Gaya,Bodh Gaya,Sakhwara,256568
Bihar,Gaya,Bodh Gaya,Sekhwara,256567
Bihar,Gaya,Bodh Gaya,Sewa Bigha,256586
Bihar,Gaya,Bodh Gaya,Shekha Bigha,256528
Bihar,Gaya,Bodh Gaya,Shivrajpur,256588
Bihar,Gaya,Bodh Gaya,Sijua,256499
Bihar,Gaya,Bodh Gaya,Silaunja,256590
Bihar,Gaya,Bodh Gaya,Sirisani chak,256541
Bihar,Gaya,Bodh Gaya,Sobha Bigha,256522
Bihar,Gaya,Bodh Gaya,Sobha khap,256573
Bihar,Gaya,Bodh Gaya,Tetaria Khurd,256577
Bihar,Gaya,Bodh Gaya,Tetuia,256597
Bihar,Gaya,Bodh Gaya,Tikuna,256506
Bihar,Gaya,Bodh Gaya,Tirkha,256550
Bihar,Gaya,Bodh Gaya,Turi Buzurg,256510
Bihar,Gaya,Bodh Gaya,Turi Khurd,256571
Bihar,Gaya,Sherghati,Afzalpur,256277
Bihar,Gaya,Sherghati,Baher,256308
Bihar,Gaya,Sherghati,Banaul,256291
Bihar,Gaya,Sherghati,Baniadih,256268
Bihar,Gaya,Sherghati,Banian Baraun,256300
Bihar,Gaya,Sherghati,Bar,256324
Bihar,Gaya,Sherghati,Barawan,256273
Bihar,Gaya,Sherghati,Bela,256303
Bihar,Gaya,Sherghati,Beldih,256272
Bihar,Gaya,Sherghati,Bharari,256318
Bihar,Gaya,Sherghati,Bhat Kuraha,256342
Bihar,Gaya,Sherghati,Bhikhanpur,256271
Bihar,Gaya,Sherghati,Bhujaul,256266
Bihar,Gaya,Sherghati,Bhus Bhusia,256332
Bihar,Gaya,Sherghati,Bishunpura,256293
Bihar,Gaya,Sherghati,Chanpi,256280
Bihar,Gaya,Sherghati,Cherki,256289
Bihar,Gaya,Sherghati,Chetab Kalan,256315
Bihar,Gaya,Sherghati,Chilam,256329
Bihar,Gaya,Sherghati,Dakhin Khap,256301
Bihar,Gaya,Sherghati,Dariapur,256290
Bihar,Gaya,Sherghati,Dewdhar Khap,256298
Bihar,Gaya,Sherghati,Dhab Chiraya,256338
Bihar,Gaya,Sherghati,Dhob,256312
Bihar,Gaya,Sherghati,Fazlaha,256335
Bihar,Gaya,Sherghati,Gawan Khap,256309
Bihar,Gaya,Sherghati,Ghaghar,256285
Bihar,Gaya,Sherghati,Ghaghri,256343
Bihar,Gaya,Sherghati,Ghorijara,256306
Bihar,Gaya,Sherghati,Ghorjara,256302
Bihar,Gaya,Sherghati,Ghuji,256351
Bihar,Gaya,Sherghati,Gopalpur,256337
Bihar,Gaya,Sherghati,Harna,256314
Bihar,Gaya,Sherghati,Hasanpur,256350
Bihar,Gaya,Sherghati,Ismailpur,256321
Bihar,Gaya,Sherghati,Jaipur,256295
Bihar,Gaya,Sherghati,Jalsar,256328
Bihar,Gaya,Sherghati,Jamuain,256282
Bihar,Gaya,Sherghati,Janubi Chak,256286
Bihar,Gaya,Sherghati,Jhawai Chak,256330
Bihar,Gaya,Sherghati,Jhor,256269
Bihar,Gaya,Sherghati,Jogapur,256319
Bihar,Gaya,Sherghati,Kachauri,256307
Bihar,Gaya,Sherghati,Kadwa,256320
Bihar,Gaya,Sherghati,Kajarsot,256349
Bihar,Gaya,Sherghati,Kalandara,256310
Bihar,Gaya,Sherghati,Kamat,256316
Bihar,Gaya,Sherghati,Kazarsot,256347
Bihar,Gaya,Sherghati,Khairat,256331
Bihar,Gaya,Sherghati,Khandail,256296
Bihar,Gaya,Sherghati,Korahra,256294
Bihar,Gaya,Sherghati,Kusa,256336
Bihar,Gaya,Sherghati,Lachhnaiti,256333
Bihar,Gaya,Sherghati,Lakardewa,256334
Bihar,Gaya,Sherghati,Lohara,256270
Bihar,Gaya,Sherghati,Mahammadpur,256341
Bihar,Gaya,Sherghati,Majhanpur,256317
Bihar,Gaya,Sherghati,Manjhar,256345
Bihar,Gaya,Sherghati,Manjhar,256346
Bihar,Gaya,Sherghati,Mansa Bigha,256327
Bihar,Gaya,Sherghati,Mohabbatpur,256279
Bihar,Gaya,Sherghati,Mohiuddinpur,256304
Bihar,Gaya,Sherghati,Mohiuddinpur,256305
Bihar,Gaya,Sherghati,Naknupa,256313
Bihar,Gaya,Sherghati,Naudiha,256299
Bihar,Gaya,Sherghati,Nawada,256276
Bihar,Gaya,Sherghati,Niman,256284
Bihar,Gaya,Sherghati,Pacharhi,256348
Bihar,Gaya,Sherghati,Palhat Kalan,256322
Bihar,Gaya,Sherghati,Palhat Khurd,256323
Bihar,Gaya,Sherghati,Pandaul,256288
Bihar,Gaya,Sherghati,Pandit Bigha,256274
Bihar,Gaya,Sherghati,Phitki Chak,256340
Bihar,Gaya,Sherghati,Rani Chak,256283
Bihar,Gaya,Sherghati,Ratanpura,256292
Bihar,Gaya,Sherghati,Salaiya,256326
Bihar,Gaya,Sherghati,Samda,256281
Bihar,Gaya,Sherghati,Shafichak,256278
Bihar,Gaya,Sherghati,Sherpur,256275
Bihar,Gaya,Sherghati,Sirampur,256267
Bihar,Gaya,Sherghati,Sondiha,256344
Bihar,Gaya,Sherghati,Sone Khap,256339
Bihar,Gaya,Sherghati,Suggi,256311
Bihar,Gaya,Sherghati,Uchirman,256287
Bihar,Gaya,Sherghati,Udhan Bigha,256325
Bihar,Gaya,Sherghati,imlithan,256297
Bihar,Patna,Danapur,Adampur,245250
Bihar,Patna,Danapur,Asopur,245246
Bihar,Patna,Danapur,Babakkarpur,245247
Bihar,Patna,Danapur,Birbhan chak,245233
Bihar,Patna,Danapur,Bishunpur,245234
Bihar,Patna,Danapur,Dalip chak,245237
Bihar,Patna,Danapur,Dariapur,245255
Bihar,Patna,Danapur,Dhibra,245245
Bihar,Patna,Danapur,Faridanpur,245240
Bihar,Patna,Danapur,Ganghara,245226
Bihar,Patna,Danapur,Gorgawan,245258
Bihar,Patna,Danapur,Habaspur,245225
Bihar,Patna,Danapur,Harsham chak,245235
Bihar,Patna,Danapur,Hathiakan,245243
Bihar,Patna,Danapur,Hetanpur,245229
Bihar,Patna,Danapur,Jafarpur,245230
Bihar,Patna,Danapur,Jamsaut,245242
Bihar,Patna,Danapur,Kafarpur,245231
Bihar,Patna,Danapur,Kasim chak,245236
Bihar,Patna,Danapur,Kedalpura,245232
Bihar,Patna,Danapur,Khedarpura,245259
Bihar,Patna,Danapur,Kothawan,245249
Bihar,Patna,Danapur,Kothia,245257
Bihar,Patna,Danapur,Lakhni Bigha,245251
Bihar,Patna,Danapur,Lodipur,245241
Bihar,Patna,Danapur,Madhopur,245228
Bihar,Patna,Danapur,Mainpura,245238
Bihar,Patna,Danapur,Maksudpur,245224
Bihar,Patna,Danapur,Manas,245260
Bihar,Patna,Danapur,Mobarakpur,245239
Bihar,Patna,Danapur,Mustafapur,245248
Bihar,Patna,Danapur,Nasirpur,245252
Bihar,Patna,Danapur,Panapur,245262
Bihar,Patna,Danapur,Patlapur,245227
Bihar,Patna,Danapur,Saidpura (CT),245263
Bihar,Patna,Danapur,Sandalpur,245253
Bihar,Patna,Danapur,Sanrari,245254
Bihar,Patna,Danapur,Shankarpatti,245222
Bihar,Patna,Danapur,Shankarpur khas,245223
Bihar,Patna,Danapur,Taufir Mangar Pal,245261
Bihar,Patna,Danapur,Usri,245244
Bihar,Patna,Danapur,Usri Khurd,245256
Bihar,Patna,Masaurhi,Akauna,245837
Bihar,Patna,Masaurhi,Akauna,245891
Bihar,Patna,Masaurhi,Anauli,245903
Bihar,Patna,Masaurhi,Bairam Chak,245915
Bihar,Patna,Masaurhi,Bairi Chak,245883
Bihar,Patna,Masaurhi,Baliari,245859
Bihar,Patna,Masaurhi,Bara,245905
Bihar,Patna,Masaurhi,Basaur,245910
Bihar,Patna,Masaurhi,Belouna,245898
Bihar,Patna,Masaurhi,Bhadaura,245881
Bihar,Patna,Masaurhi,Bhagwanganj,245899
Bihar,Patna,Masaurhi,Bhagwanpur,245865
Bihar,Patna,Masaurhi,Bhaisawan,245925
Bihar,Patna,Masaurhi,Bhakhra,245854
Bihar,Patna,Masaurhi,Bhalua,245835
Bihar,Patna,Masaurhi,Bhimpura,245855
Bihar,Patna,Masaurhi,Bhujaur,245909
Bihar,Patna,Masaurhi,Bihta,245874
Bihar,Patna,Masaurhi,Bijaura,245908
Bihar,Patna,Masaurhi,Bilaunti,245864
Bihar,Patna,Masaurhi,Birra,245919
Bihar,Patna,Masaurhi,Chakia,245879
Bihar,Patna,Masaurhi,Chananpur,245834
Bihar,Patna,Masaurhi,Chapaur,245836
Bihar,Patna,Masaurhi,Charma,245863
Bihar,Patna,Masaurhi,Chhotki Masaurhi,245828
Bihar,Patna,Masaurhi,Chithaul,245878
Bihar,Patna,Masaurhi,Dahibhatta,245830
Bihar,Patna,Masaurhi,Danara,245888
Bihar,Patna,Masaurhi,Dariapur,245873
Bihar,Patna,Masaurhi,Dariapur,245926
Bihar,Patna,Masaurhi,Daulatpur,245884
Bihar,Patna,Masaurhi,Deoria,245893
Bihar,Patna,Masaurhi,Dhanauti,245829
Bihar,Patna,Masaurhi,Dighwa Mahadeopur,245882
Bihar,Patna,Masaurhi,Dugwa,245927
Bihar,Patna,Masaurhi,Fatehabad Baliari,245904
Bihar,Patna,Masaurhi,Gafuri Chak,245876
Bihar,Patna,Masaurhi,Gandhu Garh,245887
Bihar,Patna,Masaurhi,Garihara,245861
Bihar,Patna,Masaurhi,Ghorahuwan,245846
Bihar,Patna,Masaurhi,Gorhna,245858
Bihar,Patna,Masaurhi,Gurpati Chak,245840
Bihar,Patna,Masaurhi,Harvanshpur,245833
Bihar,Patna,Masaurhi,Hasanpura,245922
Bihar,Patna,Masaurhi,Hunrari,245856
Bihar,Patna,Masaurhi,Indo,245896
Bihar,Patna,Masaurhi,Islampur,245880
Bihar,Patna,Masaurhi,Jagdishpur,245845
Bihar,Patna,Masaurhi,Jagpura,245924
Bihar,Patna,Masaurhi,Jamalpur,245913
Bihar,Patna,Masaurhi,Kadehra,245916
Bihar,Patna,Masaurhi,Kansra,245857
Bihar,Patna,Masaurhi,Karai,245842
Bihar,Patna,Masaurhi,Kararia,245862
Bihar,Patna,Masaurhi,Karwan,245886
Bihar,Patna,Masaurhi,Kazi Chak,245838
Bihar,Patna,Masaurhi,Kazi Chak,245875
Bihar,Patna,Masaurhi,Keota,245872
Bihar,Patna,Masaurhi,Khania,245894
Bihar,Patna,Masaurhi,Khanpura,245895
Bihar,Patna,Masaurhi,Kharant,245866
Bihar,Patna,Masaurhi,Kharauna,245901
Bihar,Patna,Masaurhi,Kharoj,245892
Bihar,Patna,Masaurhi,Koriawan,245852
Bihar,Patna,Masaurhi,Lahsuna,245841
Bihar,Patna,Masaurhi,Lakhnaur,245877
Bihar,Patna,Masaurhi,Mahamda,245900
Bihar,Patna,Masaurhi,Mahua Bigha,245918
Bihar,Patna,Masaurhi,Mataurha,245912
Bihar,Patna,Masaurhi,Mohiuddinpur,245853
Bihar,Patna,Masaurhi,Muzaffarpur,245885
Bihar,Patna,Masaurhi,Nadaul,245914
Bihar,Patna,Masaurhi,Nadauna,245902
Bihar,Patna,Masaurhi,Nagauli,245907
Bihar,Patna,Masaurhi,Nahwan,245867
Bihar,Patna,Masaurhi,Nisiawan,245831
Bihar,Patna,Masaurhi,Niyamatpur,245849
Bihar,Patna,Masaurhi,Nura,245868
Bihar,Patna,Masaurhi,Pakri,245826
Bihar,Patna,Masaurhi,Pansari,245897
Bihar,Patna,Masaurhi,Pipra,245917
Bihar,Patna,Masaurhi,Poawan,245844
Bihar,Patna,Masaurhi,Rasulchak,245848
Bihar,Patna,Masaurhi,Raunia,245906
Bihar,Patna,Masaurhi,Rewan,245920
Bihar,Patna,Masaurhi,Saguni,245921
Bihar,Patna,Masaurhi,Said Alipur,245851
Bihar,Patna,Masaurhi,Saleh Chak,245839
Bihar,Patna,Masaurhi,Sanghat,245923
Bihar,Patna,Masaurhi,Sarbadahi,245860
Bihar,Patna,Masaurhi,Sarwan,245832
Bihar,Patna,Masaurhi,Shahabad,245869
Bihar,Patna,Masaurhi,Sharfabad Baliari,245889
Bihar,Patna,Masaurhi,Siripur,245870
Bihar,Patna,Masaurhi,Sukhathia,245847
Bihar,Patna,Masaurhi,Supahuli,245843
Bihar,Patna,Masaurhi,Tarpura,245827
Bihar,Patna,Masaurhi,Thalpura,245850
Bihar,Patna,Masaurhi,Tineri,245911
Bihar,Patna,Masaurhi,Tiskhura,245871
Bihar,Patna,Masaurhi,Zahidpur,245890
Madhya Pradesh,Bhopal,Berasia,Agra,482343
Madhya Pradesh,Bhopal,Berasia,Ajabpura,482113
Madhya Pradesh,Bhopal,Berasia,Ajampur,482254
Madhya Pradesh,Bhopal,Berasia,Amalya,482046
Madhya Pradesh,Bhopal,Berasia,Amarpur,482074
Madhya Pradesh,Bhopal,Berasia,Anandipura,482345
Madhya Pradesh,Bhopal,Berasia,Ankia,482086
Madhya Pradesh,Bhopal,Berasia,Arjunkhedi,482171
Madhya Pradesh,Bhopal,Berasia,Arrai Rai Singh,482184
Madhya Pradesh,Bhopal,Berasia,Arrai Sardar Singh,482185
Madhya Pradesh,Bhopal,Berasia,Arrawati,482273
Madhya Pradesh,Bhopal,Berasia,Babachiya,482173
Madhya Pradesh,Bhopal,Berasia,Babdi Khar,482240
Madhya Pradesh,Bhopal,Berasia,Babukhedi,482044
Madhya Pradesh,Bhopal,Berasia,Badbeli Khurd,482143
Madhya Pradesh,Bhopal,Berasia,Badli,482125
Madhya Pradesh,Bhopal,Berasia,Bagapura,482213
Madhya Pradesh,Bhopal,Berasia,Bagraj,482313
Madhya Pradesh,Bhopal,Berasia,Bagsi,482095
Madhya Pradesh,Bhopal,Berasia,Bahrawal,482063
Madhya Pradesh,Bhopal,Berasia,Bairagarh,482193
Madhya Pradesh,Bhopal,Berasia,Balachaun,937856
Madhya Pradesh,Bhopal,Berasia,Bamhora,482108
Madhya Pradesh,Bhopal,Berasia,Bamhori,482339
Madhya Pradesh,Bhopal,Berasia,Bandikhedi,482082
Madhya Pradesh,Bhopal,Berasia,Bandikhedi,482303
Madhya Pradesh,Bhopal,Berasia,Bandrua,482149
Madhya Pradesh,Bhopal,Berasia,Baniyatodi,482142
Madhya Pradesh,Bhopal,Berasia,Banjari,482089
Madhya Pradesh,Bhopal,Berasia,Barbeli Kalan,482062
Madhya Pradesh,Bhopal,Berasia,Barela Kheda,482186
Madhya Pradesh,Bhopal,Berasia,Barkheda Baramad,482285
Madhya Pradesh,Bhopal,Berasia,Barkheda Baramad Gunga,482310
Madhya Pradesh,Bhopal,Berasia,Barkheda Kalan,482075
Madhya Pradesh,Bhopal,Berasia,Barkheda Khurd,482059
Madhya Pradesh,Bhopal,Berasia,Barkheda Moji,482204
Madhya Pradesh,Bhopal,Berasia,Barkheda Yakub,482189
Madhya Pradesh,Bhopal,Berasia,Barkhedi,482147
Madhya Pradesh,Bhopal,Berasia,Barodi,482269
Madhya Pradesh,Bhopal,Berasia,Barrai,482183
Madhya Pradesh,Bhopal,Berasia,Barri Gujar,482245
Madhya Pradesh,Bhopal,Berasia,Barri Mustsil Bagraj,482316
Madhya Pradesh,Bhopal,Berasia,Barrichheer Kheda,482257
Madhya Pradesh,Bhopal,Berasia,Beelkhoh,482146
Madhya Pradesh,Bhopal,Berasia,Berkhedi,482150
Madhya Pradesh,Bhopal,Berasia,Berkhedi Kalan,482307
Madhya Pradesh,Bhopal,Berasia,Bhainsana,482070
Madhya Pradesh,Bhopal,Berasia,Bhakwaha,482076
Madhya Pradesh,Bhopal,Berasia,Bhatni,482067
Madhya Pradesh,Bhopal,Berasia,Bhaupura,482094
Madhya Pradesh,Bhopal,Berasia,Bhens Kheda,482322
Madhya Pradesh,Bhopal,Berasia,Bhesoda,482256
Madhya Pradesh,Bhopal,Berasia,Bhojapura,482222
Madhya Pradesh,Bhopal,Berasia,Bhonrasa,482258
Madhya Pradesh,Bhopal,Berasia,Bhujpura Kalan,482080
Madhya Pradesh,Bhopal,Berasia,Bhujpura Khurd,482081
Madhya Pradesh,Bhopal,Berasia,Bhungiyai,482296
Madhya Pradesh,Bhopal,Berasia,Bijapura,482328
Madhya Pradesh,Bhopal,Berasia,Bijawan Kalan,482085
Madhya Pradesh,Bhopal,Berasia,Bijawan Khurd,482092
Madhya Pradesh,Bhopal,Berasia,Bineka,482266
Madhya Pradesh,Bhopal,Berasia,Birha Shyam Khedi,482233
Madhya Pradesh,Bhopal,Berasia,Birhai,482232
Madhya Pradesh,Bhopal,Berasia,Borpura,482214
Madhya Pradesh,Bhopal,Berasia,Budhor Kalan,482318
Madhya Pradesh,Bhopal,Berasia,Budhor Khurd,482317
Madhya Pradesh,Bhopal,Berasia,Chachakhedi,482087
Madhya Pradesh,Bhopal,Berasia,Chakkheda,482248
Madhya Pradesh,Bhopal,Berasia,Chakpipal Kheda,482288
Madhya Pradesh,Bhopal,Berasia,Chanda Saloi,482218
Madhya Pradesh,Bhopal,Berasia,Chandan Khedi,482177
Madhya Pradesh,Bhopal,Berasia,Chandbad Kadim,482298
Madhya Pradesh,Bhopal,Berasia,Chandpura,482327
Madhya Pradesh,Bhopal,Berasia,Chapadiya,482235
Madhya Pradesh,Bhopal,Berasia,Charpahadi Bazyaft,482275
Madhya Pradesh,Bhopal,Berasia,Charpahari,482197
Madhya Pradesh,Bhopal,Berasia,Chatahedi,482207
Madhya Pradesh,Bhopal,Berasia,Chataua,482272
Madhya Pradesh,Bhopal,Berasia,Cheelkheda,482324
Madhya Pradesh,Bhopal,Berasia,Chhapryai,482178
Madhya Pradesh,Bhopal,Berasia,Chhatri,482323
Madhya Pradesh,Bhopal,Berasia,Daknai,482224
Madhya Pradesh,Bhopal,Berasia,Dam Kheda,482263
Madhya Pradesh,Bhopal,Berasia,Damila,482120
Madhya Pradesh,Bhopal,Berasia,Danderi,482116
Madhya Pradesh,Bhopal,Berasia,Dangroli,482264
Madhya Pradesh,Bhopal,Berasia,Dariyapur,482132
Madhya Pradesh,Bhopal,Berasia,Darwaji,482270
Madhya Pradesh,Bhopal,Berasia,Dewalkheda,482231
Madhya Pradesh,Bhopal,Berasia,Dhamantori,482060
Madhya Pradesh,Bhopal,Berasia,Dhamarra,482244
Madhya Pradesh,Bhopal,Berasia,Dhaturiya,482166
Madhya Pradesh,Bhopal,Berasia,Dhekpur,482208
Madhya Pradesh,Bhopal,Berasia,Dhokapura,482145
Madhya Pradesh,Bhopal,Berasia,Dhonoura,482107
Madhya Pradesh,Bhopal,Berasia,Dhoot Khedi,482093
Madhya Pradesh,Bhopal,Berasia,Dillod,482281
Madhya Pradesh,Bhopal,Berasia,Dohaya,482160
Madhya Pradesh,Bhopal,Berasia,Dojyai,482168
Madhya Pradesh,Bhopal,Berasia,Dolatpura,482112
Madhya Pradesh,Bhopal,Berasia,Dongargaon,482064
Madhya Pradesh,Bhopal,Berasia,Dungariya,482191
Madhya Pradesh,Bhopal,Berasia,Gana Khedi,482048
Madhya Pradesh,Bhopal,Berasia,Ganga Khedi,482209
Madhya Pradesh,Bhopal,Berasia,Ganga Pipaliya,482242
Madhya Pradesh,Bhopal,Berasia,Ganyari,482119
Madhya Pradesh,Bhopal,Berasia,Garenthiya Bazyft,482192
Madhya Pradesh,Bhopal,Berasia,Garentiyadangi,482276
Madhya Pradesh,Bhopal,Berasia,Garha Brahman,482050
Madhya Pradesh,Bhopal,Berasia,Garha Kalan,482128
Madhya Pradesh,Bhopal,Berasia,Garha Khurd,482129
Madhya Pradesh,Bhopal,Berasia,Ghogalpur,482054
Madhya Pradesh,Bhopal,Berasia,Gonda Khedi,482096
Madhya Pradesh,Bhopal,Berasia,Gondipura,482212
Madhya Pradesh,Bhopal,Berasia,Goria,482337
Madhya Pradesh,Bhopal,Berasia,Goria Sankheda,482241
Madhya Pradesh,Bhopal,Berasia,Gujartodi,482135
Madhya Pradesh,Bhopal,Berasia,Gunga,482299
Madhya Pradesh,Bhopal,Berasia,Habibganj,482226
Madhya Pradesh,Bhopal,Berasia,Hamid Khedi,482176
Madhya Pradesh,Bhopal,Berasia,Haripur,482140
Madhya Pradesh,Bhopal,Berasia,Harrakheda,482282
Madhya Pradesh,Bhopal,Berasia,Hindola,482321
Madhya Pradesh,Bhopal,Berasia,Hingoni,482188
Madhya Pradesh,Bhopal,Berasia,Hinoti Sadak,482301
Madhya Pradesh,Bhopal,Berasia,Hinotiya Ghat,482159
Madhya Pradesh,Bhopal,Berasia,Hinotiya Jagir,482122
Madhya Pradesh,Bhopal,Berasia,Hinotiya Piran,482157
Madhya Pradesh,Bhopal,Berasia,Hiran Khedi,482252
Madhya Pradesh,Bhopal,Berasia,Ijagiri,482286
Madhya Pradesh,Bhopal,Berasia,Imalia Narendra,482262
Madhya Pradesh,Bhopal,Berasia,Imaliya Swaroop,482230
Madhya Pradesh,Bhopal,Berasia,Indarpura,482151
Madhya Pradesh,Bhopal,Berasia,Jafrabad,482290
Madhya Pradesh,Bhopal,Berasia,Jagmeri,482115
Madhya Pradesh,Bhopal,Berasia,Jajankhedi,482099
Madhya Pradesh,Bhopal,Berasia,Jamusar Kalan,482154
Madhya Pradesh,Bhopal,Berasia,Jamusar Khurd,482155
Madhya Pradesh,Bhopal,Berasia,Jangaliya Pura,482109
Madhya Pradesh,Bhopal,Berasia,Jetpura,482305
Madhya Pradesh,Bhopal,Berasia,Jhikariya Kalan,482261
Madhya Pradesh,Bhopal,Berasia,Jhikariya Khurd,482198
Madhya Pradesh,Bhopal,Berasia,Jhirniya,482106
Madhya Pradesh,Bhopal,Berasia,Jhironiya Kankad,482236
Madhya Pradesh,Bhopal,Berasia,Jujpura,482216
Madhya Pradesh,Bhopal,Berasia,Junapani,482215
Madhya Pradesh,Bhopal,Berasia,Junapani,482243
Madhya Pradesh,Bhopal,Berasia,Kachnariya,482237
Madhya Pradesh,Bhopal,Berasia,Kadaia Brahman,482121
Madhya Pradesh,Bhopal,Berasia,Kadaiya Kalan,482065
Madhya Pradesh,Bhopal,Berasia,Kadaiya Khurd,482100
Madhya Pradesh,Bhopal,Berasia,Kadaiya Kota,482072
Madhya Pradesh,Bhopal,Berasia,Kadi Khedi,482078
Madhya Pradesh,Bhopal,Berasia,Kadia Chabar,482111
Madhya Pradesh,Bhopal,Berasia,Kadia Khoh,482110
Madhya Pradesh,Bhopal,Berasia,Kalapatha,482051
Madhya Pradesh,Bhopal,Berasia,Kalapipal,482101
Madhya Pradesh,Bhopal,Berasia,Kalara,482291
Madhya Pradesh,Bhopal,Berasia,Kalayanpura,482117
Madhya Pradesh,Bhopal,Berasia,Kandi Khedi,482138
Madhya Pradesh,Bhopal,Berasia,Kanera,482118
Madhya Pradesh,Bhopal,Berasia,Karanpura,482114
Madhya Pradesh,Bhopal,Berasia,Karariya,482200
Madhya Pradesh,Bhopal,Berasia,Karhaiya Shah,482205
Madhya Pradesh,Bhopal,Berasia,Karoli,937858
Madhya Pradesh,Bhopal,Berasia,Karondiya,482300
Madhya Pradesh,Bhopal,Berasia,Keetai Dewapura,482331
Madhya Pradesh,Bhopal,Berasia,Keetgarh,482332
Madhya Pradesh,Bhopal,Berasia,Keetkhedi,482203
Madhya Pradesh,Bhopal,Berasia,Keshokhedi,482311
Madhya Pradesh,Bhopal,Berasia,Khadampur,482284
Madhya Pradesh,Bhopal,Berasia,Khai Kheda,482167
Madhya Pradesh,Bhopal,Berasia,Khajuria Ramdas,482253
Madhya Pradesh,Bhopal,Berasia,Khajuria Ranku,482182
Madhya Pradesh,Bhopal,Berasia,Khajuriya Kalan,482066
Madhya Pradesh,Bhopal,Berasia,Khandariya,482336
Madhya Pradesh,Bhopal,Berasia,Khata Khedi,482047
Madhya Pradesh,Bhopal,Berasia,Khedi,482294
Madhya Pradesh,Bhopal,Berasia,Khedli,482344
Madhya Pradesh,Bhopal,Berasia,Khejra Babbar,482315
Madhya Pradesh,Bhopal,Berasia,Khejra Ghat,482058
Madhya Pradesh,Bhopal,Berasia,Khejra Ghat,482172
Madhya Pradesh,Bhopal,Berasia,Khejra Gopi,482228
Madhya Pradesh,Bhopal,Berasia,Khejra Kalyanpur,482057
Madhya Pradesh,Bhopal,Berasia,Khejra Kamal,482195
Madhya Pradesh,Bhopal,Berasia,Khejra Misar,482156
Madhya Pradesh,Bhopal,Berasia,Khejra Padhar,482162
Madhya Pradesh,Bhopal,Berasia,Kher Kheda,482333
Madhya Pradesh,Bhopal,Berasia,Kherkhedi,482055
Madhya Pradesh,Bhopal,Berasia,Khitwas,482217
Madhya Pradesh,Bhopal,Berasia,Khuja Khedi,482271
Madhya Pradesh,Bhopal,Berasia,Khukaria,482238
Madhya Pradesh,Bhopal,Berasia,Kolu Khedi,482219
Madhya Pradesh,Bhopal,Berasia,Kolu Khedi,482280
Madhya Pradesh,Bhopal,Berasia,Kolu Khedi Kalan,482102
Madhya Pradesh,Bhopal,Berasia,Kolu Khedi(Khurd),482326
Madhya Pradesh,Bhopal,Berasia,Kotra,482103
Madhya Pradesh,Bhopal,Berasia,Kotra Chopra,482309
Madhya Pradesh,Bhopal,Berasia,Kulhor,482196
Madhya Pradesh,Bhopal,Berasia,Kutkipura,482293
Madhya Pradesh,Bhopal,Berasia,Laharpur,482174
Madhya Pradesh,Bhopal,Berasia,Lalariya,482194
Madhya Pradesh,Bhopal,Berasia,Laloi,482223
Madhya Pradesh,Bhopal,Berasia,Lalukhedi,937872
Madhya Pradesh,Bhopal,Berasia,Langarpur,482265
Madhya Pradesh,Bhopal,Berasia,Latifpur,482179
Madhya Pradesh,Bhopal,Berasia,Madnai,482249
Madhya Pradesh,Bhopal,Berasia,Maholi,482246
Madhya Pradesh,Bhopal,Berasia,Mahua Kheda,482130
Madhya Pradesh,Bhopal,Berasia,Mahuwa Kheda,482227
Madhya Pradesh,Bhopal,Berasia,Mainapura,482069
Madhya Pradesh,Bhopal,Berasia,Majheda Majhedi,482338
Madhya Pradesh,Bhopal,Berasia,Majidgarh,482049
Madhya Pradesh,Bhopal,Berasia,Malkari,482137
Madhya Pradesh,Bhopal,Berasia,Manakund,482131
Madhya Pradesh,Bhopal,Berasia,Mangalgarh,482088
Madhya Pradesh,Bhopal,Berasia,Manikhedi,482098
Madhya Pradesh,Bhopal,Berasia,Manikhedi,482297
Madhya Pradesh,Bhopal,Berasia,Mankhiyai,482202
Madhya Pradesh,Bhopal,Berasia,Manpur,482144
Madhya Pradesh,Bhopal,Berasia,Manpura,482164
Madhya Pradesh,Bhopal,Berasia,Megra Kalan,482199
Madhya Pradesh,Bhopal,Berasia,Mengra,482084
Madhya Pradesh,Bhopal,Berasia,Mithi Chhapri,482105
Madhya Pradesh,Bhopal,Berasia,Moondla Chattan,482153
Madhya Pradesh,Bhopal,Berasia,Mudia Kheda,482306
Madhya Pradesh,Bhopal,Berasia,Mundla Chand,482175
Madhya Pradesh,Bhopal,Berasia,Nalkheda,482250
Madhya Pradesh,Bhopal,Berasia,Namdarpura,482292
Madhya Pradesh,Bhopal,Berasia,Narela Bazyaft,482255
Madhya Pradesh,Bhopal,Berasia,Narela Damodar,482180
Madhya Pradesh,Bhopal,Berasia,Nay Samand,482141
Madhya Pradesh,Bhopal,Berasia,Nazirabad,482061
Madhya Pradesh,Bhopal,Berasia,Neem Khedi,482079
Madhya Pradesh,Bhopal,Berasia,Nekli,482073
Madhya Pradesh,Bhopal,Berasia,Netapura,482126
Madhya Pradesh,Bhopal,Berasia,Nidanpur,482221
Madhya Pradesh,Bhopal,Berasia,Onchi Laloi,937871
Madhya Pradesh,Bhopal,Berasia,Padli,482091
Madhya Pradesh,Bhopal,Berasia,Parason,482097
Madhya Pradesh,Bhopal,Berasia,Pardi,482302
Madhya Pradesh,Bhopal,Berasia,Parsora,482123
Madhya Pradesh,Bhopal,Berasia,Parsoriya,482163
Madhya Pradesh,Bhopal,Berasia,Parwaria,482187
Madhya Pradesh,Bhopal,Berasia,Pasaiya,482133
Madhya Pradesh,Bhopal,Berasia,Patalpani,482335
Madhya Pradesh,Bhopal,Berasia,Patalpur,482201
Madhya Pradesh,Bhopal,Berasia,Patalpur,482334
Madhya Pradesh,Bhopal,Berasia,Pathariya,482220
Madhya Pradesh,Bhopal,Berasia,Pipakhedi,482053
Madhya Pradesh,Bhopal,Berasia,Pipal Khedi,482158
Madhya Pradesh,Bhopal,Berasia,Pipalia Hasnabad,482229
Madhya Pradesh,Bhopal,Berasia,Pipaliya Junnardar,482325
Madhya Pradesh,Bhopal,Berasia,Pipaliya Kadim,482320
Madhya Pradesh,Bhopal,Berasia,Pipalkheda,482289
Madhya Pradesh,Bhopal,Berasia,Pipalkhedi,482274
Madhya Pradesh,Bhopal,Berasia,Polashganj,937857
Madhya Pradesh,Bhopal,Berasia,Pura Khana,482169
Madhya Pradesh,Bhopal,Berasia,Ramaha,482329
Madhya Pradesh,Bhopal,Berasia,Ramgarha,482225
Madhya Pradesh,Bhopal,Berasia,Rampura Balachon,482239
Madhya Pradesh,Bhopal,Berasia,Rampura Khurd,482206
Madhya Pradesh,Bhopal,Berasia,Ramtek,482341
Madhya Pradesh,Bhopal,Berasia,Rani Khajuri,482170
Madhya Pradesh,Bhopal,Berasia,Ratua Ratanpur,482304
Madhya Pradesh,Bhopal,Berasia,Rawatpura,482330
Madhya Pradesh,Bhopal,Berasia,Rehtai,482234
Madhya Pradesh,Bhopal,Berasia,Richhai,482342
Madhya Pradesh,Bhopal,Berasia,Rondia,482287
Madhya Pradesh,Bhopal,Berasia,Ronjia Bazaft,482314
Madhya Pradesh,Bhopal,Berasia,Runaha,482077
Madhya Pradesh,Bhopal,Berasia,Rusalli,482283
Madhya Pradesh,Bhopal,Berasia,Sagoni Jora,482308
Madhya Pradesh,Bhopal,Berasia,Sagoni Kalan,482267
Madhya Pradesh,Bhopal,Berasia,Sagoni Khurd,482268
Madhya Pradesh,Bhopal,Berasia,Saloi Sangraj,482210
Madhya Pradesh,Bhopal,Berasia,Sapaua,482260
Madhya Pradesh,Bhopal,Berasia,Semra,482134
Madhya Pradesh,Bhopal,Berasia,Semra Bheropura,482104
Madhya Pradesh,Bhopal,Berasia,Semra Kalan,482259
Madhya Pradesh,Bhopal,Berasia,Semri Kalan,482279
Madhya Pradesh,Bhopal,Berasia,Semri Khurd,482190
Madhya Pradesh,Bhopal,Berasia,Shahodra,482052
Madhya Pradesh,Bhopal,Berasia,Shahpur,482211
Madhya Pradesh,Bhopal,Berasia,Sheshapura,482340
Madhya Pradesh,Bhopal,Berasia,Shukla,482127
Madhya Pradesh,Bhopal,Berasia,Sindhora,482056
Madhya Pradesh,Bhopal,Berasia,Sonkatch,482277
Madhya Pradesh,Bhopal,Berasia,Suhaya,482161
Madhya Pradesh,Bhopal,Berasia,Sujanpura,482136
Madhya Pradesh,Bhopal,Berasia,Sukaliya,482319
Madhya Pradesh,Bhopal,Berasia,Sumer,482083
Madhya Pradesh,Bhopal,Berasia,Sunga,482124
Madhya Pradesh,Bhopal,Berasia,Surajpura,482043
Madhya Pradesh,Bhopal,Berasia,Surana,482068
Madhya Pradesh,Bhopal,Berasia,Syar Kalan,482071
Madhya Pradesh,Bhopal,Berasia,Tanda,482278
Madhya Pradesh,Bhopal,Berasia,Tarawli Kalan,482251
Madhya Pradesh,Bhopal,Berasia,Tarawli Khurd,482152
Madhya Pradesh,Bhopal,Berasia,Thikariya Banramda,482139
Madhya Pradesh,Bhopal,Berasia,Thikariya Laxmanpur,482090
Madhya Pradesh,Bhopal,Berasia,Tinoniya,482148
Madhya Pradesh,Bhopal,Berasia,Umaraya,482045
Madhya Pradesh,Bhopal,Berasia,Umariya,482181
Madhya Pradesh,Bhopal,Berasia,Undrai,482247
Madhya Pradesh,Bhopal,Berasia,Unida,482295
Madhya Pradesh,Bhopal,Berasia,Untkheda,482312
Madhya Pradesh,Bhopal,Berasia,Vichhnai,482165
Madhya Pradesh,Bhopal,Huzur,Acharpura,482369
Madhya Pradesh,Bhopal,Huzur,Agariya,482404
Madhya Pradesh,Bhopal,Huzur,Amarpura,482522
Madhya Pradesh,Bhopal,Huzur,Amjhira,482442
Madhya Pradesh,Bhopal,Huzur,Amoni,482423
Madhya Pradesh,Bhopal,Huzur,Anantpura,937859
Madhya Pradesh,Bhopal,Huzur,Anwala,482504
Madhya Pradesh,Bhopal,Huzur,Arhedi,482428
Madhya Pradesh,Bhopal,Huzur,Arwaliya,482372
Madhya Pradesh,Bhopal,Huzur,Ayyapur,937869
Madhya Pradesh,Bhopal,Huzur,Babadiya Khurd,482447
Madhya Pradesh,Bhopal,Huzur,Badjhiri,482503
Madhya Pradesh,Bhopal,Huzur,Bagarauda,482450
Madhya Pradesh,Bhopal,Huzur,Bagoniya,482355
Madhya Pradesh,Bhopal,Huzur,Bakaniya,482478
Madhya Pradesh,Bhopal,Huzur,Balampur,482411
Madhya Pradesh,Bhopal,Huzur,Bankhedi,482438
Madhya Pradesh,Bhopal,Huzur,Bansiya,482440
Madhya Pradesh,Bhopal,Huzur,Barkheda Bondar,482459
Madhya Pradesh,Bhopal,Huzur,Barkheda Nathu,482509
Madhya Pradesh,Bhopal,Huzur,Barkheda Salam,482471
Madhya Pradesh,Bhopal,Huzur,Barkhedi Abdulla,482410
Madhya Pradesh,Bhopal,Huzur,Barkhedi Hajjam,482397
Madhya Pradesh,Bhopal,Huzur,Bavali Kheda,482561
Madhya Pradesh,Bhopal,Huzur,Beenapur,482385
Madhya Pradesh,Bhopal,Huzur,Berkhedi Bazyaft,482516
Madhya Pradesh,Bhopal,Huzur,Bhanpur,482523
Madhya Pradesh,Bhopal,Huzur,Bhauri,482463
Madhya Pradesh,Bhopal,Huzur,Bherupura,482388
Madhya Pradesh,Bhopal,Huzur,Bilkhiriya Kalan,482433
Madhya Pradesh,Bhopal,Huzur,Bishan Khedi,482364
Madhya Pradesh,Bhopal,Huzur,Borkhedi,482488
Madhya Pradesh,Bhopal,Huzur,Bundrkha Sadak,482353
Madhya Pradesh,Bhopal,Huzur,Chanched,482407
Madhya Pradesh,Bhopal,Huzur,Chanderi,482374
Madhya Pradesh,Bhopal,Huzur,Chandpur,482370
Madhya Pradesh,Bhopal,Huzur,Chandukhedi,482352
Madhya Pradesh,Bhopal,Huzur,Chapar,937866
Madhya Pradesh,Bhopal,Huzur,Chavni Pathar,937863
Madhya Pradesh,Bhopal,Huzur,Chhapri,482519
Madhya Pradesh,Bhopal,Huzur,Chhawani Adampur,482432
Madhya Pradesh,Bhopal,Huzur,Chhindwada,482346
Madhya Pradesh,Bhopal,Huzur,Chopda Kalan,482427
Madhya Pradesh,Bhopal,Huzur,Chor Sagoni,482451
Madhya Pradesh,Bhopal,Huzur,Dangroli,482439
Madhya Pradesh,Bhopal,Huzur,Daulatpur Thikriya,482347
Madhya Pradesh,Bhopal,Huzur,Dehri,937862
Madhya Pradesh,Bhopal,Huzur,Dehriya Kalan,482499
Madhya Pradesh,Bhopal,Huzur,Deopur,482380
Madhya Pradesh,Bhopal,Huzur,Deval Khedi,482456
Madhya Pradesh,Bhopal,Huzur,Dhamaniya,482474
Madhya Pradesh,Bhopal,Huzur,Dob,482412
Madhya Pradesh,Bhopal,Huzur,Dobra,482363
Madhya Pradesh,Bhopal,Huzur,Dobra Jagir,482436
Madhya Pradesh,Bhopal,Huzur,Doobdi,482486
Madhya Pradesh,Bhopal,Huzur,Dupadiya,482393
Madhya Pradesh,Bhopal,Huzur,Fatehpur,482406
Madhya Pradesh,Bhopal,Huzur,Fatehpur Dobra,482521
Madhya Pradesh,Bhopal,Huzur,Ganyari,482417
Madhya Pradesh,Bhopal,Huzur,Garhmurra,482414
Madhya Pradesh,Bhopal,Huzur,Ghasipura,482391
Madhya Pradesh,Bhopal,Huzur,Ghat Khedi,482457
Madhya Pradesh,Bhopal,Huzur,Gol Khedi,482389
Madhya Pradesh,Bhopal,Huzur,Guradiya,482358
Madhya Pradesh,Bhopal,Huzur,Hajjampura,482368
Madhya Pradesh,Bhopal,Huzur,Haripura,937864
Madhya Pradesh,Bhopal,Huzur,Hatai Khedi,482487
Madhya Pradesh,Bhopal,Huzur,Hinotiya Jagir,482398
Madhya Pradesh,Bhopal,Huzur,Imliya,482422
Madhya Pradesh,Bhopal,Huzur,Int Khedichhap,482482
Madhya Pradesh,Bhopal,Huzur,Intkhedi Sadak,482367
Madhya Pradesh,Bhopal,Huzur,Islamnagar,482390
Madhya Pradesh,Bhopal,Huzur,Jamoniya Kalan,482444
Madhya Pradesh,Bhopal,Huzur,Jamoniyachhir,482464
Madhya Pradesh,Bhopal,Huzur,Jat Khedi,482492
Madhya Pradesh,Bhopal,Huzur,Jhagariya Khurd,482441
Madhya Pradesh,Bhopal,Huzur,Jhagariya Khurd,482501
Madhya Pradesh,Bhopal,Huzur,Jhapadiya,482375
Madhya Pradesh,Bhopal,Huzur,Jhhirniya,482349
Madhya Pradesh,Bhopal,Huzur,Jhiriya Kheda,482431
Madhya Pradesh,Bhopal,Huzur,Jogibarri,482357
Madhya Pradesh,Bhopal,Huzur,Kachhi Barkheda,482392
Madhya Pradesh,Bhopal,Huzur,Kadhaiya,482401
Madhya Pradesh,Bhopal,Huzur,Kajlas,482483
Madhya Pradesh,Bhopal,Huzur,Kal Khedi,482513
Madhya Pradesh,Bhopal,Huzur,Kala Pipal,482408
Madhya Pradesh,Bhopal,Huzur,Kalan Khedi,482468
Madhya Pradesh,Bhopal,Huzur,Kalyanpur,482425
Madhya Pradesh,Bhopal,Huzur,Kalyanpur,482497
Madhya Pradesh,Bhopal,Huzur,Kalyanpura,482416
Madhya Pradesh,Bhopal,Huzur,Kanasaiya,482429
Madhya Pradesh,Bhopal,Huzur,Kanchbavli,482387
Madhya Pradesh,Bhopal,Huzur,Kanera,482399
Madhya Pradesh,Bhopal,Huzur,Kardai,482377
Madhya Pradesh,Bhopal,Huzur,Karhod Khurd,482402
Madhya Pradesh,Bhopal,Huzur,Khajoori Sadak,482480
Madhya Pradesh,Bhopal,Huzur,Khajuri,482384
Madhya Pradesh,Bhopal,Huzur,Kham Kheda,482386
Madhya Pradesh,Bhopal,Huzur,Khamla Khedi,482481
Madhya Pradesh,Bhopal,Huzur,Khar Khedi,482475
Madhya Pradesh,Bhopal,Huzur,Kharpa,482508
Madhya Pradesh,Bhopal,Huzur,Kharpi,482494
Madhya Pradesh,Bhopal,Huzur,Khejdadeo,482361
Madhya Pradesh,Bhopal,Huzur,Khetla Khedi,482479
Madhya Pradesh,Bhopal,Huzur,Khinchital,482395
Madhya Pradesh,Bhopal,Huzur,Khokariya,482490
Madhya Pradesh,Bhopal,Huzur,Khori,482473
Madhya Pradesh,Bhopal,Huzur,Khurchani,482500
Madhya Pradesh,Bhopal,Huzur,Kirat Nagar,482403
Madhya Pradesh,Bhopal,Huzur,Kodiya,482489
Madhya Pradesh,Bhopal,Huzur,Kolu Khedi,482465
Madhya Pradesh,Bhopal,Huzur,Kolua Khurd,482434
Madhya Pradesh,Bhopal,Huzur,Kurana,482460
Madhya Pradesh,Bhopal,Huzur,Kushalpura,482515
Madhya Pradesh,Bhopal,Huzur,Kuthar,482378
Madhya Pradesh,Bhopal,Huzur,Lakhapur,482466
Madhya Pradesh,Bhopal,Huzur,Lalpura,482443
Madhya Pradesh,Bhopal,Huzur,Lamba Kheda,482365
Madhya Pradesh,Bhopal,Huzur,Mahua Kheda,482520
Madhya Pradesh,Bhopal,Huzur,Mali Khedi,482512
Madhya Pradesh,Bhopal,Huzur,Manikhedi Kot,482366
Madhya Pradesh,Bhopal,Huzur,Mastipura,937867
Madhya Pradesh,Bhopal,Huzur,Meerpur,482462
Madhya Pradesh,Bhopal,Huzur,Mendora,482544
Madhya Pradesh,Bhopal,Huzur,Mendori,482545
Madhya Pradesh,Bhopal,Huzur,Mittu Khedi,482514
Madhya Pradesh,Bhopal,Huzur,Mohammad Nagar Urf.Sattikheda,482454
Madhya Pradesh,Bhopal,Huzur,Momanpur,482400
Madhya Pradesh,Bhopal,Huzur,Moondla,482498
Madhya Pradesh,Bhopal,Huzur,Morga,482351
Madhya Pradesh,Bhopal,Huzur,Mubarikpur,482461
Madhya Pradesh,Bhopal,Huzur,Mugaliya Hat,482348
Madhya Pradesh,Bhopal,Huzur,Mugaliyachhap,482505
Madhya Pradesh,Bhopal,Huzur,Mungalia Khurd,482418
Madhya Pradesh,Bhopal,Huzur,Mungalia Kot,482419
Madhya Pradesh,Bhopal,Huzur,Nandni,482493
Madhya Pradesh,Bhopal,Huzur,Narela,482495
Madhya Pradesh,Bhopal,Huzur,Narela Bazyafth,482446
Madhya Pradesh,Bhopal,Huzur,Neelbad,482470
Madhya Pradesh,Bhopal,Huzur,Neelbad,482510
Madhya Pradesh,Bhopal,Huzur,Nipaniya Jat,482396
Madhya Pradesh,Bhopal,Huzur,Nipaniya Sukha,482376
Madhya Pradesh,Bhopal,Huzur,Padariya Jat,482448
Madhya Pradesh,Bhopal,Huzur,Padariya Sankal,938372
Madhya Pradesh,Bhopal,Huzur,Parewa Kheda,482371
Madhya Pradesh,Bhopal,Huzur,Parvaliya Sani,482373
Madhya Pradesh,Bhopal,Huzur,Parwaliya Sadak,482354
Madhya Pradesh,Bhopal,Huzur,Patiniya,937868
Madhya Pradesh,Bhopal,Huzur,Phanda Kala,482476
Madhya Pradesh,Bhopal,Huzur,Phanda Khurd,482477
Madhya Pradesh,Bhopal,Huzur,Pipalia Chhaparband,482360
Madhya Pradesh,Bhopal,Huzur,Pipaliya Dhakad,482484
Madhya Pradesh,Bhopal,Huzur,Pipaliya Hatila,482445
Madhya Pradesh,Bhopal,Huzur,Pipaliya Jahirpeer,482426
Madhya Pradesh,Bhopal,Huzur,Pipliya Bajkhan,482458
Madhya Pradesh,Bhopal,Huzur,Prempura,482362
Madhya Pradesh,Bhopal,Huzur,Prempura,482424
Madhya Pradesh,Bhopal,Huzur,Prithvipura,482359
Madhya Pradesh,Bhopal,Huzur,Puraman Bhawan,482453
Madhya Pradesh,Bhopal,Huzur,Raipur,482394
Madhya Pradesh,Bhopal,Huzur,Rajeev Nagar,937870
Madhya Pradesh,Bhopal,Huzur,Rasla Khedi,482405
Madhya Pradesh,Bhopal,Huzur,Rasooliya Pathar,482469
Madhya Pradesh,Bhopal,Huzur,Rasuliya Ghat,482485
Madhya Pradesh,Bhopal,Huzur,Rasuliya Gusain,482506
Madhya Pradesh,Bhopal,Huzur,Ratanpur,482467
Madhya Pradesh,Bhopal,Huzur,Ratatal,482383
Madhya Pradesh,Bhopal,Huzur,Ratibad,482350
Madhya Pradesh,Bhopal,Huzur,Ratibad,482517
Madhya Pradesh,Bhopal,Huzur,Rojibeg,482382
Madhya Pradesh,Bhopal,Huzur,Rolu Khedi,482511
Madhya Pradesh,Bhopal,Huzur,Rusalli Beldar,482420
Madhya Pradesh,Bhopal,Huzur,Rusalli Chunanagar,482413
Madhya Pradesh,Bhopal,Huzur,Sagoni Kalan,482435
Madhya Pradesh,Bhopal,Huzur,Sagoniya,482379
Madhya Pradesh,Bhopal,Huzur,Saista Khedi,482491
Madhya Pradesh,Bhopal,Huzur,Samarda Kaliyasot,482559
Madhya Pradesh,Bhopal,Huzur,Samasgarh,482525
Madhya Pradesh,Bhopal,Huzur,Samaspura,482526
Madhya Pradesh,Bhopal,Huzur,Sankalpadariya,482437
Madhya Pradesh,Bhopal,Huzur,Sarvar,482502
Madhya Pradesh,Bhopal,Huzur,Sekhpura,937861
Madhya Pradesh,Bhopal,Huzur,Semari Khurd,482449
Madhya Pradesh,Bhopal,Huzur,Semra Saiyad,482421
Madhya Pradesh,Bhopal,Huzur,Semri Bazyaft,482518
Madhya Pradesh,Bhopal,Huzur,Sewaniya Onkar,482452
Madhya Pradesh,Bhopal,Huzur,Shahpur,482381
Madhya Pradesh,Bhopal,Huzur,Shantinagar,937860
Madhya Pradesh,Bhopal,Huzur,Shapura,937865
Madhya Pradesh,Bhopal,Huzur,Shyampur,482455
Madhya Pradesh,Bhopal,Huzur,Sikandarabad,482507
Madhya Pradesh,Bhopal,Huzur,Sukhi Sewaniya,482415
Madhya Pradesh,Bhopal,Huzur,Sumer Khedi,482409
Madhya Pradesh,Bhopal,Huzur,Taraisewaniya,482356
Madhya Pradesh,Bhopal,Huzur,Teela Khedi,482496
Madhya Pradesh,Bhopal,Huzur,Toomda,482472
Madhya Pradesh,Sehore,Ashta,Abdullapur,482930
Madhya Pradesh,Sehore,Ashta,Ahmadpur,482914
Madhya Pradesh,Sehore,Ashta,Amipur,483008
Madhya Pradesh,Sehore,Ashta,Amkhedi,483049
Madhya Pradesh,Sehore,Ashta,Anandipura,482920
Madhya Pradesh,Sehore,Ashta,Arniya Daud,483017
Madhya Pradesh,Sehore,Ashta,Arniya Johri,483053
Madhya Pradesh,Sehore,Ashta,Arniya Ram,483018
Madhya Pradesh,Sehore,Ashta,Aroliya Ashta,482915
Madhya Pradesh,Sehore,Ashta,Atraliya,482978
Madhya Pradesh,Sehore,Ashta,Awali Kheda,482893
Madhya Pradesh,Sehore,Ashta,Badaliya Baramad (Dabari),482953
Madhya Pradesh,Sehore,Ashta,Badghati,483033
Madhya Pradesh,Sehore,Ashta,Badjhiri,483012
Madhya Pradesh,Sehore,Ashta,Badkhola,483044
Madhya Pradesh,Sehore,Ashta,Badliya Baramad,483034
Madhya Pradesh,Sehore,Ashta,Badodiya Gadri,482908
Madhya Pradesh,Sehore,Ashta,Bafapur (Wafapur),483000
Madhya Pradesh,Sehore,Ashta,Bagdawada,482948
Madhya Pradesh,Sehore,Ashta,Bager,483010
Madhya Pradesh,Sehore,Ashta,Bahadarpura,482943
Madhya Pradesh,Sehore,Ashta,Baijnath,482958
Madhya Pradesh,Sehore,Ashta,Baja Khedi,482888
Madhya Pradesh,Sehore,Ashta,Bala Kheda,482879
Madhya Pradesh,Sehore,Ashta,Baman Khedi,482913
Madhya Pradesh,Sehore,Ashta,Baman Khedi,483023
Madhya Pradesh,Sehore,Ashta,Bamuliya Bhati,482925
Madhya Pradesh,Sehore,Ashta,Bamuliya Khichi,482990
Madhya Pradesh,Sehore,Ashta,Bandariya Daliya,482884
Madhya Pradesh,Sehore,Ashta,Banveerpura,482966
Madhya Pradesh,Sehore,Ashta,Bapcha,483014
Madhya Pradesh,Sehore,Ashta,Bapcha Baramad,482889
Madhya Pradesh,Sehore,Ashta,Barkheda,482873
Madhya Pradesh,Sehore,Ashta,Barkhedi (Mewati),483048
Madhya Pradesh,Sehore,Ashta,Baupura,482928
Madhya Pradesh,Sehore,Ashta,Beda Khedi,482991
Madhya Pradesh,Sehore,Ashta,Bhagwanpur,482924
Madhya Pradesh,Sehore,Ashta,Bhamura,482938
Madhya Pradesh,Sehore,Ashta,Bhatoni,483021
Madhya Pradesh,Sehore,Ashta,Bhatpura,483037
Madhya Pradesh,Sehore,Ashta,Bhaurasa,483015
Madhya Pradesh,Sehore,Ashta,Bheel Khedi Sadak,482984
Madhya Pradesh,Sehore,Ashta,Bherupur,482870
Madhya Pradesh,Sehore,Ashta,Bhil Khedi,483030
Madhya Pradesh,Sehore,Ashta,Bhonra,483011
Madhya Pradesh,Sehore,Ashta,Bhuphod,483022
Madhya Pradesh,Sehore,Ashta,Bor Kheda,482980
Madhya Pradesh,Sehore,Ashta,Chacha Khedi,482973
Madhya Pradesh,Sehore,Ashta,Chancharsi,482910
Madhya Pradesh,Sehore,Ashta,Channotha,482947
Madhya Pradesh,Sehore,Ashta,Chhapar,483055
Madhya Pradesh,Sehore,Ashta,Chhapri,482974
Madhya Pradesh,Sehore,Ashta,Chopadiya,482975
Madhya Pradesh,Sehore,Ashta,Dabri,482939
Madhya Pradesh,Sehore,Ashta,Dallupura,483026
Madhya Pradesh,Sehore,Ashta,Dalpatpura,482937
Madhya Pradesh,Sehore,Ashta,Darapur,483003
Madhya Pradesh,Sehore,Ashta,Dauniya,483013
Madhya Pradesh,Sehore,Ashta,Deepla Khedi,482900
Madhya Pradesh,Sehore,Ashta,Deogarh,483041
Madhya Pradesh,Sehore,Ashta,Deopur,483045
Madhya Pradesh,Sehore,Ashta,Devli,929323
Madhya Pradesh,Sehore,Ashta,Dewan Khedi,482902
Madhya Pradesh,Sehore,Ashta,Dhanana,482952
Madhya Pradesh,Sehore,Ashta,Dhankhedi,483052
Madhya Pradesh,Sehore,Ashta,Duka,482944
Madhya Pradesh,Sehore,Ashta,Dupadiya,482933
Madhya Pradesh,Sehore,Ashta,Fatehpur Jageer,482896
Madhya Pradesh,Sehore,Ashta,Gadra Khedi,482988
Madhya Pradesh,Sehore,Ashta,Gangal Kothri,482881
Madhya Pradesh,Sehore,Ashta,Gawa Kheda,482995
Madhya Pradesh,Sehore,Ashta,Ghanshyampura (Part),482932
Madhya Pradesh,Sehore,Ashta,Godi,482961
Madhya Pradesh,Sehore,Ashta,Gondpura,483059
Madhya Pradesh,Sehore,Ashta,Gopalpur,482946
Madhya Pradesh,Sehore,Ashta,Guradiya Rupchand,483009
Madhya Pradesh,Sehore,Ashta,Guradiya Sirajuddin,482906
Madhya Pradesh,Sehore,Ashta,Guwadiya Bazyaft,483056
Madhya Pradesh,Sehore,Ashta,Hakimabad,482951
Madhya Pradesh,Sehore,Ashta,Hamid Khedi,482940
Madhya Pradesh,Sehore,Ashta,Haraj Khedi,483025
Madhya Pradesh,Sehore,Ashta,Hirapur,482970
Madhya Pradesh,Sehore,Ashta,Husainpur Khedi,482965
Madhya Pradesh,Sehore,Ashta,Ilahi,482886
Madhya Pradesh,Sehore,Ashta,Jafrabad,482977
Madhya Pradesh,Sehore,Ashta,Jagannathpura,482931
Madhya Pradesh,Sehore,Ashta,Jagmalpura,482921
Madhya Pradesh,Sehore,Ashta,Jahanpura Viran,482885
Madhya Pradesh,Sehore,Ashta,Jasmat,482887
Madhya Pradesh,Sehore,Ashta,Jata Kheda,482994
Madhya Pradesh,Sehore,Ashta,Jharkhedi,483027
Madhya Pradesh,Sehore,Ashta,Jhikdi (Mewati),483047
Madhya Pradesh,Sehore,Ashta,Jhirniya,483019
Madhya Pradesh,Sehore,Ashta,Jssupura,483043
Madhya Pradesh,Sehore,Ashta,Kachnariya,482983
Madhya Pradesh,Sehore,Ashta,Kadu Khedi,482891
Madhya Pradesh,Sehore,Ashta,Kaji Khedi,482941
Madhya Pradesh,Sehore,Ashta,Kamalpur Khedi,482964
Madhya Pradesh,Sehore,Ashta,Kanapura (Viran),482987
Madhya Pradesh,Sehore,Ashta,Kanda Khedi,482999
Madhya Pradesh,Sehore,Ashta,Kannod Mirzi,482904
Madhya Pradesh,Sehore,Ashta,Kasampura,483001
Madhya Pradesh,Sehore,Ashta,Kelapani,483057
Madhya Pradesh,Sehore,Ashta,Kev Khedi,482976
Madhya Pradesh,Sehore,Ashta,Khacharod,482895
Madhya Pradesh,Sehore,Ashta,Khadi,482945
Madhya Pradesh,Sehore,Ashta,Khajuriya Kasam,482878
Madhya Pradesh,Sehore,Ashta,Khaladiya,482917
Madhya Pradesh,Sehore,Ashta,Khamkheda (Baijnath),482957
Madhya Pradesh,Sehore,Ashta,Khamkheda Ashta,483031
Madhya Pradesh,Sehore,Ashta,Khandaurapur,483016
Madhya Pradesh,Sehore,Ashta,Khempur,482916
Madhya Pradesh,Sehore,Ashta,Kheniyapura,483029
Madhya Pradesh,Sehore,Ashta,Kilerama (Fatehpur Kilerama),482926
Madhya Pradesh,Sehore,Ashta,Killod,483051
Madhya Pradesh,Sehore,Ashta,Kumdawada,482962
Madhya Pradesh,Sehore,Ashta,Kumhariya,483036
Madhya Pradesh,Sehore,Ashta,Lachchhipura,483028
Madhya Pradesh,Sehore,Ashta,Lachhirampura,482874
Madhya Pradesh,Sehore,Ashta,Lakhmipur,482949
Madhya Pradesh,Sehore,Ashta,Lakhu Khedi,483054
Madhya Pradesh,Sehore,Ashta,Lasudiya Khas,482989
Madhya Pradesh,Sehore,Ashta,Lasudiya Par,482875
Madhya Pradesh,Sehore,Ashta,Lasudiya Sukha,482972
Madhya Pradesh,Sehore,Ashta,Lasudliya Vijaysingh,482907
Madhya Pradesh,Sehore,Ashta,Loras Kalan,482971
Madhya Pradesh,Sehore,Ashta,Loras Khurd,482963
Madhya Pradesh,Sehore,Ashta,Magar Khedi,483050
Madhya Pradesh,Sehore,Ashta,Maina,482960
Madhya Pradesh,Sehore,Ashta,Mali Khedi,482898
Madhya Pradesh,Sehore,Ashta,Malikhedi Bazyaft,482936
Madhya Pradesh,Sehore,Ashta,Malipura (Ashta),482942
Madhya Pradesh,Sehore,Ashta,Manirampura,483040
Madhya Pradesh,Sehore,Ashta,Mehmudabadkhedi,483005
Madhya Pradesh,Sehore,Ashta,Memda Khedi,482899
Madhya Pradesh,Sehore,Ashta,Mena Khedi,482986
Madhya Pradesh,Sehore,Ashta,Mirjapur,482866
Madhya Pradesh,Sehore,Ashta,Mitthupura,483058
Madhya Pradesh,Sehore,Ashta,Mohammadpur Pakhani,482935
Madhya Pradesh,Sehore,Ashta,Molu Khedi,482985
Madhya Pradesh,Sehore,Ashta,Morukhedi,482903
Madhya Pradesh,Sehore,Ashta,Mubarakpur,483004
Madhya Pradesh,Sehore,Ashta,Mugli,483002
Madhya Pradesh,Sehore,Ashta,Mullani (Mangalpur),482998
Madhya Pradesh,Sehore,Ashta,Mundi Khedi,482934
Madhya Pradesh,Sehore,Ashta,Mundla Ashta,482969
Madhya Pradesh,Sehore,Ashta,Muradpura,482929
Madhya Pradesh,Sehore,Ashta,Nanakpur,482909
Madhya Pradesh,Sehore,Ashta,Navrangpur,482922
Madhya Pradesh,Sehore,Ashta,Neelbad,482883
Madhya Pradesh,Sehore,Ashta,Nipaniya Kalan,482979
Madhya Pradesh,Sehore,Ashta,Nogaon,482890
Madhya Pradesh,Sehore,Ashta,Nomaniya,483046
Madhya Pradesh,Sehore,Ashta,Pagariya Chor,482867
Madhya Pradesh,Sehore,Ashta,Pagariya Hat,482882
Madhya Pradesh,Sehore,Ashta,Pagri,483020
Madhya Pradesh,Sehore,Ashta,Paladiya,482918
Madhya Pradesh,Sehore,Ashta,Pardi Khedi,482871
Madhya Pradesh,Sehore,Ashta,Paroliyapar,482872
Madhya Pradesh,Sehore,Ashta,Parwa Gosai,482982
Madhya Pradesh,Sehore,Ashta,Patariya Chauhan,482877
Madhya Pradesh,Sehore,Ashta,Patariya Goyal,482967
Madhya Pradesh,Sehore,Ashta,Pau Khedi,482954
Madhya Pradesh,Sehore,Ashta,Pili Karar Kala,483060
Madhya Pradesh,Sehore,Ashta,Pili Karar Khurd,483038
Madhya Pradesh,Sehore,Ashta,Pipaliya Chamaran,483032
Madhya Pradesh,Sehore,Ashta,Pipaliya Raidas,482894
Madhya Pradesh,Sehore,Ashta,Pirana Khedi,483042
Madhya Pradesh,Sehore,Ashta,Rajjakpura,482911
Madhya Pradesh,Sehore,Ashta,Rampura Kalan,482892
Madhya Pradesh,Sehore,Ashta,Rasulpura,483007
Madhya Pradesh,Sehore,Ashta,Richhadiya,482905
Madhya Pradesh,Sehore,Ashta,Rolagaon,483035
Madhya Pradesh,Sehore,Ashta,Rupa Heda,482869
Madhya Pradesh,Sehore,Ashta,Rupeta,482868
Madhya Pradesh,Sehore,Ashta,Samarda,482997
Madhya Pradesh,Sehore,Ashta,Samardi,482996
Madhya Pradesh,Sehore,Ashta,Sando Khedi,482992
Madhya Pradesh,Sehore,Ashta,Sanga Khedi,482901
Madhya Pradesh,Sehore,Ashta,Sankarpur,482919
Madhya Pradesh,Sehore,Ashta,Sekdapura,482923
Madhya Pradesh,Sehore,Ashta,Seoda,482955
Madhya Pradesh,Sehore,Ashta,Shahpur Magarda,482880
Madhya Pradesh,Sehore,Ashta,Shahwajpura,482927
Madhya Pradesh,Sehore,Ashta,Shambhu Khedi,482968
Madhya Pradesh,Sehore,Ashta,Shiv Khedi,482981
Madhya Pradesh,Sehore,Ashta,Shyampur Tappa,483024
Madhya Pradesh,Sehore,Ashta,Singarchori,483039
Madhya Pradesh,Sehore,Ashta,Sobha Khedi,483006
Madhya Pradesh,Sehore,Ashta,Sulkhedi,482959
Madhya Pradesh,Sehore,Ashta,Tajpura,482912
Madhya Pradesh,Sehore,Ashta,Tanda,482950
Madhya Pradesh,Sehore,Ashta,Titoriya,482956
Madhya Pradesh,Sehore,Ashta,Udaipur,482897
Madhya Pradesh,Sehore,Ashta,Udanpura,482876
Madhya Pradesh,Sehore,Ashta,Umarpur,482993
Madhya Pradesh,Sehore,Ichhawar,Abidabad,483298
Madhya Pradesh,Sehore,Ichhawar,Allipur,483278
Madhya Pradesh,Sehore,Ichhawar,Amla Noabad,483272
Madhya Pradesh,Sehore,Ichhawar,Amla Ramjipura,483243
Madhya Pradesh,Sehore,Ichhawar,Amlaha,483161
Madhya Pradesh,Sehore,Ichhawar,Arwaliya,483202
Madhya Pradesh,Sehore,Ichhawar,Arya (Ariya),483216
Madhya Pradesh,Sehore,Ichhawar,Atraliya,483246
Madhya Pradesh,Sehore,Ichhawar,Bagan Kheda,483214
Madhya Pradesh,Sehore,Ichhawar,Balapura,483195
Madhya Pradesh,Sehore,Ichhawar,Balondiya,483295
Madhya Pradesh,Sehore,Ichhawar,Balupat,483312
Madhya Pradesh,Sehore,Ichhawar,Bamala Dad,483297
Madhya Pradesh,Sehore,Ichhawar,Baman Khedi,483194
Madhya Pradesh,Sehore,Ichhawar,Bapcha,483205
Madhya Pradesh,Sehore,Ichhawar,Barkheda Kurmi,483177
Madhya Pradesh,Sehore,Ichhawar,Bawadiya Gusain,483227
Madhya Pradesh,Sehore,Ichhawar,Bawadiya Noabad,483269
Madhya Pradesh,Sehore,Ichhawar,Bawadiyachor Alias Shaharyakpur,483294
Madhya Pradesh,Sehore,Ichhawar,Bhada Khedi,483160
Madhya Pradesh,Sehore,Ichhawar,Bhagwatpur,483188
Madhya Pradesh,Sehore,Ichhawar,Bhanu Khadi,483255
Madhya Pradesh,Sehore,Ichhawar,Bhojpura,483165
Madhya Pradesh,Sehore,Ichhawar,Bichholi,483264
Madhya Pradesh,Sehore,Ichhawar,Bijori,483211
Madhya Pradesh,Sehore,Ichhawar,Bishan Kheda,483169
Madhya Pradesh,Sehore,Ichhawar,Bishan Khedi,483180
Madhya Pradesh,Sehore,Ichhawar,Bordi Kalan,483276
Madhya Pradesh,Sehore,Ichhawar,Bordi Khurd,483231
Madhya Pradesh,Sehore,Ichhawar,Borpani Alias Dudalawa,483232
Madhya Pradesh,Sehore,Ichhawar,Brijis Nagar,483285
Madhya Pradesh,Sehore,Ichhawar,Chainpura,483209
Madhya Pradesh,Sehore,Ichhawar,Chandpura,483257
Madhya Pradesh,Sehore,Ichhawar,Chhapari Karan,483179
Madhya Pradesh,Sehore,Ichhawar,Chhapari Talluk,483184
Madhya Pradesh,Sehore,Ichhawar,Chhapri Miya,483233
Madhya Pradesh,Sehore,Ichhawar,Chikalpani,483307
Madhya Pradesh,Sehore,Ichhawar,Deh Khedi,483183
Madhya Pradesh,Sehore,Ichhawar,Dehriya Mukati,483304
Madhya Pradesh,Sehore,Ichhawar,Devan Khedi,483206
Madhya Pradesh,Sehore,Ichhawar,Dhabla Mata,483260
Madhya Pradesh,Sehore,Ichhawar,Dhabla Rai,483189
Madhya Pradesh,Sehore,Ichhawar,Dhain Kheda,483287
Madhya Pradesh,Sehore,Ichhawar,Dhamanda,483166
Madhya Pradesh,Sehore,Ichhawar,Dharampuri,483198
Madhya Pradesh,Sehore,Ichhawar,Diwadiya,483235
Madhya Pradesh,Sehore,Ichhawar,Dolatpur,483223
Madhya Pradesh,Sehore,Ichhawar,Dudlai,483222
Madhya Pradesh,Sehore,Ichhawar,Durgpura,483168
Madhya Pradesh,Sehore,Ichhawar,Gadiya,483230
Madhya Pradesh,Sehore,Ichhawar,Gaji Khedi,483291
Madhya Pradesh,Sehore,Ichhawar,Gaontalab,483259
Madhya Pradesh,Sehore,Ichhawar,Gau Khedi,483203
Madhya Pradesh,Sehore,Ichhawar,Golu Khedi,483167
Madhya Pradesh,Sehore,Ichhawar,Gora Khedi,483200
Madhya Pradesh,Sehore,Ichhawar,Goyal Khedi,483191
Madhya Pradesh,Sehore,Ichhawar,Guradi,483279
Madhya Pradesh,Sehore,Ichhawar,Haliya Khedi,483193
Madhya Pradesh,Sehore,Ichhawar,Haraspur,483217
Madhya Pradesh,Sehore,Ichhawar,Himmatpura,483234
Madhya Pradesh,Sehore,Ichhawar,Huliya Khedi,483226
Madhya Pradesh,Sehore,Ichhawar,It Kheda,483302
Madhya Pradesh,Sehore,Ichhawar,Jamli,483274
Madhya Pradesh,Sehore,Ichhawar,Jamoniya Fatehpur,483210
Madhya Pradesh,Sehore,Ichhawar,Jamoniya Hatesingh,483254
Madhya Pradesh,Sehore,Ichhawar,Jat Khedi,483199
Madhya Pradesh,Sehore,Ichhawar,Jhal Pipali,483308
Madhya Pradesh,Sehore,Ichhawar,Jhalki,483241
Madhya Pradesh,Sehore,Ichhawar,Jhar Kheda,483221
Madhya Pradesh,Sehore,Ichhawar,Jogda Khedi,483250
Madhya Pradesh,Sehore,Ichhawar,Jujharpura,483236
Madhya Pradesh,Sehore,Ichhawar,Kalapipal,483270
Madhya Pradesh,Sehore,Ichhawar,Kaliya Khedi,483162
Madhya Pradesh,Sehore,Ichhawar,Kalyanpura Dhakad,483240
Madhya Pradesh,Sehore,Ichhawar,Kalyanpura Dubey,483247
Madhya Pradesh,Sehore,Ichhawar,Kaneriya,483284
Madhya Pradesh,Sehore,Ichhawar,Kankad Kheda,483252
Madhya Pradesh,Sehore,Ichhawar,Karanpura,483215
Madhya Pradesh,Sehore,Ichhawar,Khajuriya Dhengi,483197
Madhya Pradesh,Sehore,Ichhawar,Kham Kheda,483300
Madhya Pradesh,Sehore,Ichhawar,Khejda,483263
Madhya Pradesh,Sehore,Ichhawar,Kheri,483273
Madhya Pradesh,Sehore,Ichhawar,Kherpura,483172
Madhya Pradesh,Sehore,Ichhawar,Kolu Khedi,483283
Madhya Pradesh,Sehore,Ichhawar,Kotara,483311
Madhya Pradesh,Sehore,Ichhawar,Kudi,483256
Madhya Pradesh,Sehore,Ichhawar,Kulhadi,483185
Madhya Pradesh,Sehore,Ichhawar,Kundikhal,483218
Madhya Pradesh,Sehore,Ichhawar,Kushalpura,483237
Madhya Pradesh,Sehore,Ichhawar,Ladawad,483249
Madhya Pradesh,Sehore,Ichhawar,Ladpura,483239
Madhya Pradesh,Sehore,Ichhawar,Laliya Khedi,483219
Madhya Pradesh,Sehore,Ichhawar,Lasudiya Godi,483316
Madhya Pradesh,Sehore,Ichhawar,Lasudiya Goyal,483190
Madhya Pradesh,Sehore,Ichhawar,Lasudiya Kangar,483266
Madhya Pradesh,Sehore,Ichhawar,Lasudiya Ram,483253
Madhya Pradesh,Sehore,Ichhawar,Lasudiya Shekhu,483187
Madhya Pradesh,Sehore,Ichhawar,Lau Khedi,483186
Madhya Pradesh,Sehore,Ichhawar,Loha Pathar,483310
Madhya Pradesh,Sehore,Ichhawar,Lotiya,483305
Madhya Pradesh,Sehore,Ichhawar,Magarpat,483318
Madhya Pradesh,Sehore,Ichhawar,Mandalgarh,483313
Madhya Pradesh,Sehore,Ichhawar,Mawada,483288
Madhya Pradesh,Sehore,Ichhawar,Mogra,483261
Madhya Pradesh,Sehore,Ichhawar,Mohanpur Lendi,483164
Madhya Pradesh,Sehore,Ichhawar,Mohanpur Noabad,483290
Madhya Pradesh,Sehore,Ichhawar,Molakhedi,483181
Madhya Pradesh,Sehore,Ichhawar,Molga,483192
Madhya Pradesh,Sehore,Ichhawar,Moya Pani,483277
Madhya Pradesh,Sehore,Ichhawar,Mundla,483213
Madhya Pradesh,Sehore,Ichhawar,Nadan,483281
Madhya Pradesh,Sehore,Ichhawar,Nagli,483175
Madhya Pradesh,Sehore,Ichhawar,Narsingh Kheda,483173
Madhya Pradesh,Sehore,Ichhawar,Nawalpura,483296
Madhya Pradesh,Sehore,Ichhawar,Nayapura,483242
Madhya Pradesh,Sehore,Ichhawar,Nibu Kheda,483301
Madhya Pradesh,Sehore,Ichhawar,Nilbad,483238
Madhya Pradesh,Sehore,Ichhawar,Nipaniya,483271
Madhya Pradesh,Sehore,Ichhawar,Pal Khedi,483244
Madhya Pradesh,Sehore,Ichhawar,Pangari Jangali,483315
Madhya Pradesh,Sehore,Ichhawar,Pangra Khati,483267
Madhya Pradesh,Sehore,Ichhawar,Pangri,483262
Madhya Pradesh,Sehore,Ichhawar,Partappura,483176
Madhya Pradesh,Sehore,Ichhawar,Parwaliya,483204
Madhya Pradesh,Sehore,Ichhawar,Patariya Banka,483163
Madhya Pradesh,Sehore,Ichhawar,Patariya Sidha,483170
Madhya Pradesh,Sehore,Ichhawar,Phangiya,483286
Madhya Pradesh,Sehore,Ichhawar,Ram Nagar,483196
Madhya Pradesh,Sehore,Ichhawar,Ramdasi,483225
Madhya Pradesh,Sehore,Ichhawar,Ramgarh,483292
Madhya Pradesh,Sehore,Ichhawar,Rampura,483182
Madhya Pradesh,Sehore,Ichhawar,Ratanpur,483207
Madhya Pradesh,Sehore,Ichhawar,Rugnathpura (Raghunathpura),483224
Madhya Pradesh,Sehore,Ichhawar,Rupadeh,483229
Madhya Pradesh,Sehore,Ichhawar,Rupdi,483228
Madhya Pradesh,Sehore,Ichhawar,Sali Kheda Gondi,483299
Madhya Pradesh,Sehore,Ichhawar,Samapura,483280
Madhya Pradesh,Sehore,Ichhawar,Saras,483309
Madhya Pradesh,Sehore,Ichhawar,Satpipaliya,483201
Madhya Pradesh,Sehore,Ichhawar,Semli Jadid,483289
Madhya Pradesh,Sehore,Ichhawar,Sendho Khedi,483268
Madhya Pradesh,Sehore,Ichhawar,Sewaniya,483265
Madhya Pradesh,Sehore,Ichhawar,Sewaniya Parihar,483317
Madhya Pradesh,Sehore,Ichhawar,Shaharyar Nagar,483248
Madhya Pradesh,Sehore,Ichhawar,Shahpura,483212
Madhya Pradesh,Sehore,Ichhawar,Singapur,483220
Madhya Pradesh,Sehore,Ichhawar,Siradi,483251
Madhya Pradesh,Sehore,Ichhawar,Sohan Chhapari,483303
Madhya Pradesh,Sehore,Ichhawar,Sohan Kheda,483293
Madhya Pradesh,Sehore,Ichhawar,Sukaliya Hansraj,483171
Madhya Pradesh,Sehore,Ichhawar,Sunar Khedi,483174
Madhya Pradesh,Sehore,Ichhawar,Suwa Kheda,483275
Madhya Pradesh,Sehore,Ichhawar,Tonkpura,483314
Madhya Pradesh,Sehore,Ichhawar,Toraniya,483178
Madhya Pradesh,Sehore,Ichhawar,Umar Khal,483208
Madhya Pradesh,Sehore,Ichhawar,Veerpura (Birpura),483282
Madhya Pradesh,Sehore,Ichhawar,Veerpurdam (Lawa Khadi),483306
Madhya Pradesh,Sehore,Ichhawar,Vinakpura (Binakpura),483258
Madhya Pradesh,Sehore,Ichhawar,Yar Nagar,483245
Rajasthan,Ajmer,Beawar,Amarpura.,91799
Rajasthan,Ajmer,Beawar,Anakar,91861
Rajasthan,Ajmer,Beawar,Ateetmand,91793
Rajasthan,Ajmer,Beawar,Badiya Ajba,91808
Rajasthan,Ajmer,Beawar,Badiya Bhau,91851
Rajasthan,Ajmer,Beawar,Badiya Gena,91809
Rajasthan,Ajmer,Beawar,Badiya Jagga,91755
Rajasthan,Ajmer,Beawar,Badiya Loomba,91806
Rajasthan,Ajmer,Beawar,Badiya Mota,91807
Rajasthan,Ajmer,Beawar,Badiya Shyama,91752
Rajasthan,Ajmer,Beawar,Badiya Teja,91810
Rajasthan,Ajmer,Beawar,Bagaliya,91880
Rajasthan,Ajmer,Beawar,Balai Khera,91826
Rajasthan,Ajmer,Beawar,Balar (Rural),91783
Rajasthan,Ajmer,Beawar,Balar (Rural),91783
Rajasthan,Ajmer,Beawar,Banar Khera,91866
Rajasthan,Ajmer,Beawar,Banewari,91753
Rajasthan,Ajmer,Beawar,Bar Kochara,91869
Rajasthan,Ajmer,Beawar,Baral,91845
Rajasthan,Ajmer,Beawar,Bariya Bhau,91729
Rajasthan,Ajmer,Beawar,Bariya Nanga,91835
Rajasthan,Ajmer,Beawar,Bassi,91805
Rajasthan,Ajmer,Beawar,Bayla,91789
Rajasthan,Ajmer,Beawar,Beawar Khas,91741
Rajasthan,Ajmer,Beawar,Bhagwanpura,91713
Rajasthan,Ajmer,Beawar,Bhagwanpura.,91854
Rajasthan,Ajmer,Beawar,Bhainsapa,91802
Rajasthan,Ajmer,Beawar,Bhairoon Khera (Dhola Danta),91772
Rajasthan,Ajmer,Beawar,Bhambipura,91857
Rajasthan,Ajmer,Beawar,Bhawani Kheda,91721
Rajasthan,Ajmer,Beawar,Bhawani Khera,91788
Rajasthan,Ajmer,Beawar,Bheelaton Ka Wadiya,91749
Rajasthan,Ajmer,Beawar,Bhojpura,91760
Rajasthan,Ajmer,Beawar,Bhooriya Khera Kalan,91864
Rajasthan,Ajmer,Beawar,Bhooriya Khera Khurd,91865
Rajasthan,Ajmer,Beawar,Bichchhu Chaura,91765
Rajasthan,Ajmer,Beawar,Bihar Ratanpura,91867
Rajasthan,Ajmer,Beawar,Biyan Khera,91846
Rajasthan,Ajmer,Beawar,Boonti Salar,91819
Rajasthan,Ajmer,Beawar,CHAVNEE PRED,927938
Rajasthan,Ajmer,Beawar,Chaura Nimri,91707
Rajasthan,Ajmer,Beawar,Chhapro Ka Badiya,91746
Rajasthan,Ajmer,Beawar,Chiliyabar,91847
Rajasthan,Ajmer,Beawar,DAULATGARH SINGHA,927940
Rajasthan,Ajmer,Beawar,Dadola,91883
Rajasthan,Ajmer,Beawar,Daulatpura Balaiyan,91738
Rajasthan,Ajmer,Beawar,Delwara (Rural),91736
Rajasthan,Ajmer,Beawar,Deokhera,91829
Rajasthan,Ajmer,Beawar,Dewata,91858
Rajasthan,Ajmer,Beawar,Dhawli,91838
Rajasthan,Ajmer,Beawar,Dhola Danta-II,91813
Rajasthan,Ajmer,Beawar,Dholadanta-I,91769
Rajasthan,Ajmer,Beawar,Doongar Khera,91744
Rajasthan,Ajmer,Beawar,Durgawas,91766
Rajasthan,Ajmer,Beawar,FATEHPURIYA 2,927942
Rajasthan,Ajmer,Beawar,Fatehgarh Salla,91709
Rajasthan,Ajmer,Beawar,Fatehpur I,91724
Rajasthan,Ajmer,Beawar,Fatehpuriya-II (Rural),91756
Rajasthan,Ajmer,Beawar,Ganeshpura (OG) (Part),91758
Rajasthan,Ajmer,Beawar,Ganeshpura (OG) (Part),91758
Rajasthan,Ajmer,Beawar,Garhi Thoriyan (Rural),91733
Rajasthan,Ajmer,Beawar,Garhi Thoriyan (Rural),91733
Rajasthan,Ajmer,Beawar,Gazipura,91816
Rajasthan,Ajmer,Beawar,Gohana,91795
Rajasthan,Ajmer,Beawar,Gopalpura,91716
Rajasthan,Ajmer,Beawar,Govindpura (Rural),91757
Rajasthan,Ajmer,Beawar,Harrajpura,91712
Rajasthan,Ajmer,Beawar,Hathan Khera,91862
Rajasthan,Ajmer,Beawar,Heera Ka Badia,91859
Rajasthan,Ajmer,Beawar,Himmatpura,91801
Rajasthan,Ajmer,Beawar,Jagpura,91863
Rajasthan,Ajmer,Beawar,Jaitgarh (Bamniya),91833
Rajasthan,Ajmer,Beawar,Jaliya-I,91754
Rajasthan,Ajmer,Beawar,JaliyaIi Durgawas,91875
Rajasthan,Ajmer,Beawar,JaliyaIi Peethawas,91874
Rajasthan,Ajmer,Beawar,JaliyaIi lalawas,91849
Rajasthan,Ajmer,Beawar,Jaliyali Roopabas,91850
Rajasthan,Ajmer,Beawar,Jawaja,91852
Rajasthan,Ajmer,Beawar,Jetpura,91792
Rajasthan,Ajmer,Beawar,Johar Khera,91711
Rajasthan,Ajmer,Beawar,Kabra,91837
Rajasthan,Ajmer,Beawar,Kaladara,91828
Rajasthan,Ajmer,Beawar,Kalan Khera,91844
Rajasthan,Ajmer,Beawar,Kalat Khera,91855
Rajasthan,Ajmer,Beawar,Kali Kankar,91800
Rajasthan,Ajmer,Beawar,Kalinjar,91798
Rajasthan,Ajmer,Beawar,Kaliyawas,91787
Rajasthan,Ajmer,Beawar,Kanpura,91832
Rajasthan,Ajmer,Beawar,Karlan,91820
Rajasthan,Ajmer,Beawar,Kesharpura,91778
Rajasthan,Ajmer,Beawar,Khariya Khera,91768
Rajasthan,Ajmer,Beawar,Kharla Khera,91821
Rajasthan,Ajmer,Beawar,Khejarla,91761
Rajasthan,Ajmer,Beawar,Khera Dand,91818
Rajasthan,Ajmer,Beawar,Khera Danti,91879
Rajasthan,Ajmer,Beawar,Khera Devnarayan,91767
Rajasthan,Ajmer,Beawar,Khirani Khera,91728
Rajasthan,Ajmer,Beawar,Kishanpura,91817
Rajasthan,Ajmer,Beawar,Kishanpura.,91856
Rajasthan,Ajmer,Beawar,Kotra,91812
Rajasthan,Ajmer,Beawar,Kundal,91840
Rajasthan,Ajmer,Beawar,Kushalpura (Malpura),91782
Rajasthan,Ajmer,Beawar,Lakheena,91726
Rajasthan,Ajmer,Beawar,Lalpura Dhanar,91770
Rajasthan,Ajmer,Beawar,Lamba,91773
Rajasthan,Ajmer,Beawar,Lasadiya,91732
Rajasthan,Ajmer,Beawar,Lasani - I,91731
Rajasthan,Ajmer,Beawar,Lasani II,91877
Rajasthan,Ajmer,Beawar,Lotiyana,91872
Rajasthan,Ajmer,Beawar,Makreda,91740
Rajasthan,Ajmer,Beawar,Malipura,91762
Rajasthan,Ajmer,Beawar,Malpura,91781
Rajasthan,Ajmer,Beawar,Malpura.,91860
Rajasthan,Ajmer,Beawar,Mandawas,91735
Rajasthan,Ajmer,Beawar,Mandera,91791
Rajasthan,Ajmer,Beawar,Mediya.,91743
Rajasthan,Ajmer,Beawar,Mooja Bhairoon Kheda,91868
Rajasthan,Ajmer,Beawar,NAADA,927943
Rajasthan,Ajmer,Beawar,NARSINGHPURA,927939
Rajasthan,Ajmer,Beawar,NAYANAGAR,927936
Rajasthan,Ajmer,Beawar,Naharpura,91823
Rajasthan,Ajmer,Beawar,Nai Kalan,91839
Rajasthan,Ajmer,Beawar,Nai Khurd,91842
Rajasthan,Ajmer,Beawar,Narbad Khera,91776
Rajasthan,Ajmer,Beawar,Naya Khera,91878
Rajasthan,Ajmer,Beawar,Nayanagar (OG),645588
Rajasthan,Ajmer,Beawar,Nayasar,91718
Rajasthan,Ajmer,Beawar,Neemdi Kheda,91841
Rajasthan,Ajmer,Beawar,Noondri Maldeo (Rural),91779
Rajasthan,Ajmer,Beawar,Noondri Medratan,91745
Rajasthan,Ajmer,Beawar,Pakhariyawas,91730
Rajasthan,Ajmer,Beawar,Pilani,91719
Rajasthan,Ajmer,Beawar,Pratappura,91775
Rajasthan,Ajmer,Beawar,Punera,91843
Rajasthan,Ajmer,Beawar,Rahman Khera,91717
Rajasthan,Ajmer,Beawar,Rajendra,91803
Rajasthan,Ajmer,Beawar,Rajiyawas,91797
Rajasthan,Ajmer,Beawar,Rajpura Bochan,91822
Rajasthan,Ajmer,Beawar,Ramawas,91764
Rajasthan,Ajmer,Beawar,Ramgarh Jhoontha,91786
Rajasthan,Ajmer,Beawar,Ramkhera Dhanar,91771
Rajasthan,Ajmer,Beawar,Rampura (Gunda Ka Bala),91780
Rajasthan,Ajmer,Beawar,Rampura Mewatiyan (Rural),91739
Rajasthan,Ajmer,Beawar,Rampura.,91815
Rajasthan,Ajmer,Beawar,Ramsar Balaiyan,91751
Rajasthan,Ajmer,Beawar,Ramsar Inda,91774
Rajasthan,Ajmer,Beawar,Ramsar Mohalla,91790
Rajasthan,Ajmer,Beawar,Ratanpura Jhoontha,91725
Rajasthan,Ajmer,Beawar,Ratanpura Sardara,91747
Rajasthan,Ajmer,Beawar,Rawatmal,91876
Rajasthan,Ajmer,Beawar,Rayta Khera,91794
Rajasthan,Ajmer,Beawar,Relmal Kalan,91710
Rajasthan,Ajmer,Beawar,Rohira Khera,91814
Rajasthan,Ajmer,Beawar,Roop Nagar,91714
Rajasthan,Ajmer,Beawar,Roopaheli,91784
Rajasthan,Ajmer,Beawar,Roopana,91848
Rajasthan,Ajmer,Beawar,Roopnagar,91708
Rajasthan,Ajmer,Beawar,Rudhana,91881
Rajasthan,Ajmer,Beawar,SAIDARIYA,927941
Rajasthan,Ajmer,Beawar,SHAHPURA BECHARLEE,927937
Rajasthan,Ajmer,Beawar,Sangarwas,91831
Rajasthan,Ajmer,Beawar,Sanwa,91796
Rajasthan,Ajmer,Beawar,Saradhana,91715
Rajasthan,Ajmer,Beawar,Sargaon,91720
Rajasthan,Ajmer,Beawar,Sarmaliya,91722
Rajasthan,Ajmer,Beawar,Sarupa,915712
Rajasthan,Ajmer,Beawar,Sarveena,91824
Rajasthan,Ajmer,Beawar,Semla,91785
Rajasthan,Ajmer,Beawar,Senspura,91734
Rajasthan,Ajmer,Beawar,Shahpura,91825
Rajasthan,Ajmer,Beawar,Shambhoopura,91742
Rajasthan,Ajmer,Beawar,Sheeli Beri,91811
Rajasthan,Ajmer,Beawar,Shiv Nagar,91853
Rajasthan,Ajmer,Beawar,Shivnagari,91830
Rajasthan,Ajmer,Beawar,Shivnathpura,91759
Rajasthan,Ajmer,Beawar,Shobhapura,91737
Rajasthan,Ajmer,Beawar,Singhariya,91777
Rajasthan,Ajmer,Beawar,Sirola,91748
Rajasthan,Ajmer,Beawar,Soniyana,91870
Rajasthan,Ajmer,Beawar,Soniyana Chaura,91871
Rajasthan,Ajmer,Beawar,Sowaniya,91763
Rajasthan,Ajmer,Beawar,Suhawa,91727
Rajasthan,Ajmer,Beawar,Suradiya,91827
Rajasthan,Ajmer,Beawar,Surajpura,91834
Rajasthan,Ajmer,Beawar,Surajpura.,91873
Rajasthan,Ajmer,Beawar,Taragarh,91882
Rajasthan,Ajmer,Beawar,Thakrawas,91804
Rajasthan,Ajmer,Beawar,Theekrana Goojran,91723
Rajasthan,Ajmer,Beawar,Theekrana Mendratan,91750
Rajasthan,Ajmer,Beawar,Thooni Thak,91836
Rajasthan,Ajmer,Kishangarh,Balapura,91480
Rajasthan,Ajmer,Kishangarh,Bandar Seendri,91467
Rajasthan,Ajmer,Kishangarh,Bansra (Mehran),91451
Rajasthan,Ajmer,Kishangarh,Bargaon,91473
Rajasthan,Ajmer,Kishangarh,Barna,91482
Rajasthan,Ajmer,Kishangarh,Beeti,91478
Rajasthan,Ajmer,Kishangarh,Bhojiyawas,91441
Rajasthan,Ajmer,Kishangarh,Bhunwada,91494
Rajasthan,Ajmer,Kishangarh,Brijpura,91454
Rajasthan,Ajmer,Kishangarh,Chak Nonandpura,91423
Rajasthan,Ajmer,Kishangarh,Cheeta Khera,91455
Rajasthan,Ajmer,Kishangarh,Choondari,91472
Rajasthan,Ajmer,Kishangarh,Churli,91471
Rajasthan,Ajmer,Kishangarh,Deendwara,91504
Rajasthan,Ajmer,Kishangarh,Dhani Deomand,91489
Rajasthan,Ajmer,Kishangarh,Dhani Purohitan,91488
Rajasthan,Ajmer,Kishangarh,Dhani Rathoran,91486
Rajasthan,Ajmer,Kishangarh,FARASIYA,927956
Rajasthan,Ajmer,Kishangarh,Ganeshpura,91466
Rajasthan,Ajmer,Kishangarh,Godiyana,91495
Rajasthan,Ajmer,Kishangarh,Gordhanpura,91481
Rajasthan,Ajmer,Kishangarh,Gudli,91446
Rajasthan,Ajmer,Kishangarh,Jogiyon Ka Nada,91476
Rajasthan,Ajmer,Kishangarh,KISHANGARH,927954
Rajasthan,Ajmer,Kishangarh,Kachariya,91483
Rajasthan,Ajmer,Kishangarh,Kadha,91496
Rajasthan,Ajmer,Kishangarh,Kali Doongri,91443
Rajasthan,Ajmer,Kishangarh,Kalyanpura,91453
Rajasthan,Ajmer,Kishangarh,Khandach,91505
Rajasthan,Ajmer,Kishangarh,Khatoli,91445
Rajasthan,Ajmer,Kishangarh,Kheda Nonandpura,91426
Rajasthan,Ajmer,Kishangarh,Khera,91492
Rajasthan,Ajmer,Kishangarh,Khera Karmsotan,91465
Rajasthan,Ajmer,Kishangarh,Kucheel,91452
Rajasthan,Ajmer,Kishangarh,MALION KI BARI,91487
Rajasthan,Ajmer,Kishangarh,Mandawariya,91459
Rajasthan,Ajmer,Kishangarh,Mohan Pura,91456
Rajasthan,Ajmer,Kishangarh,Moondolao,91497
Rajasthan,Ajmer,Kishangarh,Mundoti,91464
Rajasthan,Ajmer,Kishangarh,Naloo,91463
Rajasthan,Ajmer,Kishangarh,Naya Gaon,91457
Rajasthan,Ajmer,Kishangarh,Nohariya,91468
Rajasthan,Ajmer,Kishangarh,Patan,91470
Rajasthan,Ajmer,Kishangarh,Pedi Bhata,91469
Rajasthan,Ajmer,Kishangarh,Phaloda,91460
Rajasthan,Ajmer,Kishangarh,Raghunath Pura,91491
Rajasthan,Ajmer,Kishangarh,Raheempura,91444
Rajasthan,Ajmer,Kishangarh,Ralawatan,91427
Rajasthan,Ajmer,Kishangarh,Rampura.,91477
Rajasthan,Ajmer,Kishangarh,Rari,91479
Rajasthan,Ajmer,Kishangarh,SANWATSAR,927955
Rajasthan,Ajmer,Kishangarh,SHRINIBARK TIRTH,91425
Rajasthan,Ajmer,Kishangarh,Sar Gaon,91475
Rajasthan,Ajmer,Kishangarh,Silora,91485
Rajasthan,Ajmer,Kishangarh,Sooratpura,91474
Rajasthan,Ajmer,Kishangarh,Tihari,91506
Rajasthan,Ajmer,Kishangarh,Tikawara,91493
Rajasthan,Ajmer,Kishangarh,Tiloniya,91461
Rajasthan,Ajmer,Kishangarh,Tokra,91442
Rajasthan,Ajmer,Kishangarh,Tolamal,91458
Rajasthan,Ajmer,Kishangarh,Udaipur Kalan,91490
Rajasthan,Ajmer,Kishangarh,Udaipur Khurd,91484
Rajasthan,Jaipur,Amer,Achhojai,80324
Rajasthan,Jaipur,Amer,Achrol,80387
Rajasthan,Jaipur,Amer,Akeda Chaud,80337
Rajasthan,Jaipur,Amer,Akedadoongar (CT),80443
Rajasthan,Jaipur,Amer,Akhepura,80429
Rajasthan,Jaipur,Amer,Amer Chak No.1,80441
Rajasthan,Jaipur,Amer,Amer Chak No.2,80439
Rajasthan,Jaipur,Amer,Ani,80388
Rajasthan,Jaipur,Amer,Anoppura,80262
Rajasthan,Jaipur,Amer,Arniya,80371
Rajasthan,Jaipur,Amer,Atalbiharipura,80310
Rajasthan,Jaipur,Amer,Badanpura,80413
Rajasthan,Jaipur,Amer,Bagwada,80397
Rajasthan,Jaipur,Amer,Ballupura,80249
Rajasthan,Jaipur,Amer,Baragaon Jarkhya,80434
Rajasthan,Jaipur,Amer,Barh Jahota,80312
Rajasthan,Jaipur,Amer,Barna,80276
Rajasthan,Jaipur,Amer,Barsinghpura,80278
Rajasthan,Jaipur,Amer,Bas Baori,80300
Rajasthan,Jaipur,Amer,Beelpura,80362
Rajasthan,Jaipur,Amer,Beer Talera,80436
Rajasthan,Jaipur,Amer,Benarwith Daulatpura,80334
Rajasthan,Jaipur,Amer,Bhatton Ki Gali,80319
Rajasthan,Jaipur,Amer,Bheelpura,80266
Rajasthan,Jaipur,Amer,Bheevpura,80396
Rajasthan,Jaipur,Amer,Bhoorawali,80317
Rajasthan,Jaipur,Amer,Bhuranpura @Nestiwas,80370
Rajasthan,Jaipur,Amer,Bichpari,80287
Rajasthan,Jaipur,Amer,Biharipura,80270
Rajasthan,Jaipur,Amer,Bilonchi,80347
Rajasthan,Jaipur,Amer,Bishangarh,80428
Rajasthan,Jaipur,Amer,Bishansinghpura,80281
Rajasthan,Jaipur,Amer,Boodthal,80341
Rajasthan,Jaipur,Amer,Bugalia,80289
Rajasthan,Jaipur,Amer,Chak Degdas,80343
Rajasthan,Jaipur,Amer,Chak Jaisinghnagar,80383
Rajasthan,Jaipur,Amer,Chak Jaisinghpura,80250
Rajasthan,Jaipur,Amer,Chak Jaitpura,80297
Rajasthan,Jaipur,Amer,Chak Kotiya,80404
Rajasthan,Jaipur,Amer,Chak Manoharpur,80367
Rajasthan,Jaipur,Amer,Chak Mundiya,80257
Rajasthan,Jaipur,Amer,Chak Nangal,80420
Rajasthan,Jaipur,Amer,Chak Pokharawala,80395
Rajasthan,Jaipur,Amer,Chak Rojda,80296
Rajasthan,Jaipur,Amer,Chandawas,80379
Rajasthan,Jaipur,Amer,Chandrapura Jatan,80288
Rajasthan,Jaipur,Amer,Chandwaji,80376
Rajasthan,Jaipur,Amer,Chatarpura,80323
Rajasthan,Jaipur,Amer,Chetawala,80414
Rajasthan,Jaipur,Amer,Chhanwar Ka Bas,80415
Rajasthan,Jaipur,Amer,Chhaprari,80392
Rajasthan,Jaipur,Amer,Chimanpura,80318
Rajasthan,Jaipur,Amer,Chimanpura @ Daab Ka Nala,80438
Rajasthan,Jaipur,Amer,Chirara,80411
Rajasthan,Jaipur,Amer,Chittanukalan,80363
Rajasthan,Jaipur,Amer,Chonp,80345
Rajasthan,Jaipur,Amer,Dabri,80340
Rajasthan,Jaipur,Amer,Dadar Baori,80299
Rajasthan,Jaipur,Amer,Dalpura,80329
Rajasthan,Jaipur,Amer,Dattawata,80322
Rajasthan,Jaipur,Amer,Daula Ka Bas,80263
Rajasthan,Jaipur,Amer,Daulatpura,80408
Rajasthan,Jaipur,Amer,Deeppura,80422
Rajasthan,Jaipur,Amer,Degdas,80342
Rajasthan,Jaipur,Amer,Deo Ka Harwara,80368
Rajasthan,Jaipur,Amer,Deogudha,80308
Rajasthan,Jaipur,Amer,Dhand,80400
Rajasthan,Jaipur,Amer,Dheengpur,80389
Rajasthan,Jaipur,Amer,Disan,80258
Rajasthan,Jaipur,Amer,Durga Ka Bas,80255
Rajasthan,Jaipur,Amer,Dwarkapura,80315
Rajasthan,Jaipur,Amer,Ghatwada,80349
Rajasthan,Jaipur,Amer,Govindpura,80321
Rajasthan,Jaipur,Amer,Gudha Surjan,80272
Rajasthan,Jaipur,Amer,Gunawata,80391
Rajasthan,Jaipur,Amer,Hanumanpura With Chak,80426
Rajasthan,Jaipur,Amer,Harchandpura,80325
Rajasthan,Jaipur,Amer,Harchandpura @Kankarwala,80373
Rajasthan,Jaipur,Amer,Hardattpura,80331
Rajasthan,Jaipur,Amer,Harwar,80399
Rajasthan,Jaipur,Amer,Israwala,80346
Rajasthan,Jaipur,Amer,Jagnnathpura,80423
Rajasthan,Jaipur,Amer,Jahota,80316
Rajasthan,Jaipur,Amer,Jairampura,80320
Rajasthan,Jaipur,Amer,Jaisalya,80431
Rajasthan,Jaipur,Amer,Jaisingh Nagar,80377
Rajasthan,Jaipur,Amer,Jaisinghpura Shekhawatan,80277
Rajasthan,Jaipur,Amer,Jaitpur Kheenchee,80352
Rajasthan,Jaipur,Amer,Jaitpura,80295
Rajasthan,Jaipur,Amer,Jalsoo,80307
Rajasthan,Jaipur,Amer,Jiloi,80292
Rajasthan,Jaipur,Amer,Jugalpura,80382
Rajasthan,Jaipur,Amer,Kacherawala @ Chokhlawas,80398
Rajasthan,Jaipur,Amer,Kalighati,80351
Rajasthan,Jaipur,Amer,Kalwad Kalan,80386
Rajasthan,Jaipur,Amer,Kalyanpura,80260
Rajasthan,Jaipur,Amer,Kankrel,80403
Rajasthan,Jaipur,Amer,Kant,80356
Rajasthan,Jaipur,Amer,Kanwarpura,80311
Rajasthan,Jaipur,Amer,Kanwarpura,80372
Rajasthan,Jaipur,Amer,Khannipura,80303
Rajasthan,Jaipur,Amer,Khapariya,80254
Rajasthan,Jaipur,Amer,Khatiyon Ka Bas,80264
Rajasthan,Jaipur,Amer,Kherwari,80409
Rajasthan,Jaipur,Amer,Khora Meena,80405
Rajasthan,Jaipur,Amer,Khora Shyamdas,80412
Rajasthan,Jaipur,Amer,Khorabeesal,80333
Rajasthan,Jaipur,Amer,Khurad,80437
Rajasthan,Jaipur,Amer,Kiratpura,80355
Rajasthan,Jaipur,Amer,Kishanpura,80330
Rajasthan,Jaipur,Amer,Kishanpura @ Lalwas,80442
Rajasthan,Jaipur,Amer,Kookas,80406
Rajasthan,Jaipur,Amer,Kotra,80407
Rajasthan,Jaipur,Amer,Kushalpura,80381
Rajasthan,Jaipur,Amer,Labana,80390
Rajasthan,Jaipur,Amer,Ladana,80354
Rajasthan,Jaipur,Amer,Lakher,80369
Rajasthan,Jaipur,Amer,Lalgarh,80306
Rajasthan,Jaipur,Amer,Lalpura,80305
Rajasthan,Jaipur,Amer,Lamyamewal,80365
Rajasthan,Jaipur,Amer,Laxminarayanpura,80430
Rajasthan,Jaipur,Amer,Looniyawas,80425
Rajasthan,Jaipur,Amer,Maheshpura Rawan,80336
Rajasthan,Jaipur,Amer,Maheshwas Kalan,80294
Rajasthan,Jaipur,Amer,Maheshwas Khurd,80293
Rajasthan,Jaipur,Amer,Maila Bagh,80432
Rajasthan,Jaipur,Amer,Manpura Mancheri,80358
Rajasthan,Jaipur,Amer,Mohanbari,80314
Rajasthan,Jaipur,Amer,Mohanpura,80273
Rajasthan,Jaipur,Amer,Mori,80309
Rajasthan,Jaipur,Amer,Mothoo Ka Bas,80417
Rajasthan,Jaipur,Amer,Mukandpura,80274
Rajasthan,Jaipur,Amer,Mukandpura,80313
Rajasthan,Jaipur,Amer,Mundiya,80256
Rajasthan,Jaipur,Amer,Mundota,80291
Rajasthan,Jaipur,Amer,Nagal Susawatan,80440
Rajasthan,Jaipur,Amer,Nakawala,80360
Rajasthan,Jaipur,Amer,Nangal Ladi,80286
Rajasthan,Jaipur,Amer,Nangal Purohit,80419
Rajasthan,Jaipur,Amer,Nangal Siras,80335
Rajasthan,Jaipur,Amer,Nangal Turkan,80402
Rajasthan,Jaipur,Amer,Nara,80269
Rajasthan,Jaipur,Amer,Naradpura,80298
Rajasthan,Jaipur,Amer,Nestiwas,80435
Rajasthan,Jaipur,Amer,Patti Sitarampura,80261
Rajasthan,Jaipur,Amer,Peelwa,80374
Rajasthan,Jaipur,Amer,Pokharawala @ Anandpura,80394
Rajasthan,Jaipur,Amer,Pragpura,80265
Rajasthan,Jaipur,Amer,Pratappura Kalan,80252
Rajasthan,Jaipur,Amer,Pratappura Khurd,80253
Rajasthan,Jaipur,Amer,Punana,80280
Rajasthan,Jaipur,Amer,Puth Ka Bas @ Chawa Ka Bas,80357
Rajasthan,Jaipur,Amer,RUNDAL,80359
Rajasthan,Jaipur,Amer,Radha Kishanpura @ Pokharsa Ka Bas,80267
Rajasthan,Jaipur,Amer,Radhakishanpura,80283
Rajasthan,Jaipur,Amer,Radhapura,80282
Rajasthan,Jaipur,Amer,Raghunathpura,80275
Rajasthan,Jaipur,Amer,Raithal,80248
Rajasthan,Jaipur,Amer,Raja Rampura,80416
Rajasthan,Jaipur,Amer,Rajawas,80418
Rajasthan,Jaipur,Amer,Rajpur Khanaya,80401
Rajasthan,Jaipur,Amer,Rajpurwas Chandwaji,80378
Rajasthan,Jaipur,Amer,Ramgatta @ Harwanshpura,80268
Rajasthan,Jaipur,Amer,Ramlyawala,80421
Rajasthan,Jaipur,Amer,Rampura,80338
Rajasthan,Jaipur,Amer,Rampura,80410
Rajasthan,Jaipur,Amer,Rampura @ Banyawala,80384
Rajasthan,Jaipur,Amer,Risani,80344
Rajasthan,Jaipur,Amer,Rojda,80326
Rajasthan,Jaipur,Amer,Sahib Rampura,80259
Rajasthan,Jaipur,Amer,Salarwas,80375
Rajasthan,Jaipur,Amer,Sangawala,80353
Rajasthan,Jaipur,Amer,Sar,80350
Rajasthan,Jaipur,Amer,Sardarpura,80328
Rajasthan,Jaipur,Amer,Seengwana,80393
Rajasthan,Jaipur,Amer,Sewapura,80427
Rajasthan,Jaipur,Amer,Sherawatpura,80290
Rajasthan,Jaipur,Amer,Shisiyawas,80433
Rajasthan,Jaipur,Amer,Shri Govindpura,80348
Rajasthan,Jaipur,Amer,Shripura,80304
Rajasthan,Jaipur,Amer,Shubhrampura,80332
Rajasthan,Jaipur,Amer,Shyampura,80380
Rajasthan,Jaipur,Amer,Sindolai,80327
Rajasthan,Jaipur,Amer,Sirohi,80361
Rajasthan,Jaipur,Amer,Sirsali,80271
Rajasthan,Jaipur,Amer,Sirsi,80284
Rajasthan,Jaipur,Amer,Sudarshanpura,80301
Rajasthan,Jaipur,Amer,Sundarpura,80364
Rajasthan,Jaipur,Amer,Sunder Ka Bas,80366
Rajasthan,Jaipur,Amer,Syari,80385
Rajasthan,Jaipur,Amer,Tadawas,80251
Rajasthan,Jaipur,Amer,Tatiyawas,80339
Rajasthan,Jaipur,Amer,Udaipuriya,80424
Rajasthan,Jaipur,Amer,Vijaipura,80279
Rajasthan,Jaipur,Amer,Yadav Khera,80285
Rajasthan,Jaipur,Amer,Yadavkhera,80302
Rajasthan,Jaipur,Chomu,Adagela,79424
Rajasthan,Jaipur,Chomu,Alisar,79393
Rajasthan,Jaipur,Chomu,Amarpura,79433
Rajasthan,Jaipur,Chomu,Anantpura,79452
Rajasthan,Jaipur,Chomu,Anatpura,79429
Rajasthan,Jaipur,Chomu,Asti Kalan,79353
Rajasthan,Jaipur,Chomu,Asti Khurd,79354
Rajasthan,Jaipur,Chomu,Badh Abhayakaranpura,79392
Rajasthan,Jaipur,Chomu,Badh Devthala,79381
Rajasthan,Jaipur,Chomu,Badkolayi Ramnagar,937186
Rajasthan,Jaipur,Chomu,Baga Ka Bas,79394
Rajasthan,Jaipur,Chomu,Bagda Brij,937187
Rajasthan,Jaipur,Chomu,Bagri,79346
Rajasthan,Jaipur,Chomu,Bagron Ka Bas,79352
Rajasthan,Jaipur,Chomu,Bai Ka Bas,79406
Rajasthan,Jaipur,Chomu,Balekhan,79428
Rajasthan,Jaipur,Chomu,Barhawali Dhani,79366
Rajasthan,Jaipur,Chomu,Barwara,79436
Rajasthan,Jaipur,Chomu,Bavdi,937189
Rajasthan,Jaipur,Chomu,Bawari Gopinath,79400
Rajasthan,Jaipur,Chomu,Bhojlava,937185
Rajasthan,Jaipur,Chomu,Bhopawas,79440
Rajasthan,Jaipur,Chomu,Bhutera,79356
Rajasthan,Jaipur,Chomu,Bishanpura @ Charanwas,79432
Rajasthan,Jaipur,Chomu,Chak Charanwas,79383
Rajasthan,Jaipur,Chomu,Chak Dalelpura,79374
Rajasthan,Jaipur,Chomu,Chak Laddu,79378
Rajasthan,Jaipur,Chomu,Chak Tankarda,79420
Rajasthan,Jaipur,Chomu,Charanwas,79389
Rajasthan,Jaipur,Chomu,Cheethwari,79453
Rajasthan,Jaipur,Chomu,Cheta Ka Bas,79357
Rajasthan,Jaipur,Chomu,Chhota Gudha,79361
Rajasthan,Jaipur,Chomu,Chimanpura,79430
Rajasthan,Jaipur,Chomu,Dahara Tankarda,79422
Rajasthan,Jaipur,Chomu,Damba Ka Bas,79395
Rajasthan,Jaipur,Chomu,Daulatpura,79409
Rajasthan,Jaipur,Chomu,Dehra,79444
Rajasthan,Jaipur,Chomu,Dev Charanwas,937188
Rajasthan,Jaipur,Chomu,Devpura,79421
Rajasthan,Jaipur,Chomu,Devthala,79380
Rajasthan,Jaipur,Chomu,Dhana Ka Bas,79413
Rajasthan,Jaipur,Chomu,Dhani Gogoriya,79454
Rajasthan,Jaipur,Chomu,Dhani Nijharna,79404
Rajasthan,Jaipur,Chomu,Dhobolai,79382
Rajasthan,Jaipur,Chomu,Dhodhsar,79365
Rajasthan,Jaipur,Chomu,Dola Ka Bas,79405
Rajasthan,Jaipur,Chomu,Fatehgarh,937179
Rajasthan,Jaipur,Chomu,Fatehpura,79455
Rajasthan,Jaipur,Chomu,Geeda Ka Bas,79355
Rajasthan,Jaipur,Chomu,Ghinoi,79403
Rajasthan,Jaipur,Chomu,Gori Ka Bas,79401
Rajasthan,Jaipur,Chomu,Govindgarh (CT),79460
Rajasthan,Jaipur,Chomu,Guwardi,79419
Rajasthan,Jaipur,Chomu,Haboo Ka Bas,79351
Rajasthan,Jaipur,Chomu,Harad Rampura,79372
Rajasthan,Jaipur,Chomu,Haripura,937192
Rajasthan,Jaipur,Chomu,Harota,79439
Rajasthan,Jaipur,Chomu,Hasteda,79397
Rajasthan,Jaipur,Chomu,Hathnoda,79441
Rajasthan,Jaipur,Chomu,Heera Ka Bas,79358
Rajasthan,Jaipur,Chomu,Itawa Bhopji,79431
Rajasthan,Jaipur,Chomu,Jaisinghpura Nathawatan,79418
Rajasthan,Jaipur,Chomu,Jaitpura,79451
Rajasthan,Jaipur,Chomu,Jalim Singh Ka Bas,79412
Rajasthan,Jaipur,Chomu,Jatanwali,79447
Rajasthan,Jaipur,Chomu,Jheera,79457
Rajasthan,Jaipur,Chomu,Jodhpura,79423
Rajasthan,Jaipur,Chomu,Kaladera,79414
Rajasthan,Jaipur,Chomu,Kaloo Ka Bas,79434
Rajasthan,Jaipur,Chomu,Kalu Ka Bas@ Shyam Nagar,79385
Rajasthan,Jaipur,Chomu,Kanarpura,79410
Rajasthan,Jaipur,Chomu,Kanpura,79446
Rajasthan,Jaipur,Chomu,Kanwarpura,79376
Rajasthan,Jaipur,Chomu,Khanni Pura,79415
Rajasthan,Jaipur,Chomu,Khejroli,79370
Rajasthan,Jaipur,Chomu,Kirat Singh Ka Bas,79362
Rajasthan,Jaipur,Chomu,Kishanpura,79350
Rajasthan,Jaipur,Chomu,Krishan Nagar,937183
Rajasthan,Jaipur,Chomu,Kumawatpura,937182
Rajasthan,Jaipur,Chomu,Kumbha Ka Bas,79391
Rajasthan,Jaipur,Chomu,Kumbhpuriya,79377
Rajasthan,Jaipur,Chomu,Kushalpura,79449
Rajasthan,Jaipur,Chomu,Lalpura,79398
Rajasthan,Jaipur,Chomu,Leswa,937190
Rajasthan,Jaipur,Chomu,Loharwara,79427
Rajasthan,Jaipur,Chomu,Madho Ka Bas,79359
Rajasthan,Jaipur,Chomu,Mahar Kalan,79443
Rajasthan,Jaipur,Chomu,Malera,79459
Rajasthan,Jaipur,Chomu,Malikpur,79387
Rajasthan,Jaipur,Chomu,Mandha Bhinda,79407
Rajasthan,Jaipur,Chomu,Morija,79450
Rajasthan,Jaipur,Chomu,Nadiya,79367
Rajasthan,Jaipur,Chomu,Nangal Bharda,79437
Rajasthan,Jaipur,Chomu,Nangal Govind,79349
Rajasthan,Jaipur,Chomu,Nangal Kalan,79363
Rajasthan,Jaipur,Chomu,Nangal Koju,79375
Rajasthan,Jaipur,Chomu,Narsinghpura,79416
Rajasthan,Jaipur,Chomu,Naya Bas,79426
Rajasthan,Jaipur,Chomu,Naya bass,910809
Rajasthan,Jaipur,Chomu,Nindola,79373
Rajasthan,Jaipur,Chomu,Niwana,79379
Rajasthan,Jaipur,Chomu,Nopa Ka Vas,937181
Rajasthan,Jaipur,Chomu,Nopura,79396
Rajasthan,Jaipur,Chomu,Pragati Naya Bas,79408
Rajasthan,Jaipur,Chomu,Prem Nagar,937184
Rajasthan,Jaipur,Chomu,Raisingh Ka Bas,79364
Rajasthan,Jaipur,Chomu,Ramnagar,937191
Rajasthan,Jaipur,Chomu,Ranjeetpura,79348
Rajasthan,Jaipur,Chomu,Sabalpura,79402
Rajasthan,Jaipur,Chomu,Samarpura,79458
Rajasthan,Jaipur,Chomu,Samod,79442
Rajasthan,Jaipur,Chomu,Sandarsar,79390
Rajasthan,Jaipur,Chomu,Shimbhupura,79445
Rajasthan,Jaipur,Chomu,Shivnagar,937193
Rajasthan,Jaipur,Chomu,Shokilpura,937180
Rajasthan,Jaipur,Chomu,Singod Kalan,79369
Rajasthan,Jaipur,Chomu,Singod Khurd,79368
Rajasthan,Jaipur,Chomu,Sirsa,79347
Rajasthan,Jaipur,Chomu,Sitaram Pura,79388
Rajasthan,Jaipur,Chomu,Sultanpura,79456
Rajasthan,Jaipur,Chomu,Syaoo,79384
Rajasthan,Jaipur,Chomu,Tankarda,79425
Rajasthan,Jaipur,Chomu,Tigariya,79435
Rajasthan,Jaipur,Chomu,Udaipuriya,79438
Rajasthan,Jaipur,Chomu,Udgwar @ Gudalya,79360
Rajasthan,Jaipur,Chomu,Ugariyawas,79417
Rajasthan,Jaipur,Chomu,Utgadha,79371
Rajasthan,Jaipur,Chomu,Vijay Nagar,79399
Rajasthan,Jaipur,Chomu,Vijaysinghpura,79448
Rajasthan,Jaipur,Chomu,Vikash Nagar,79386
Rajasthan,Jaipur,Chomu,Vimalpura,79411
Rajasthan,Jaipur,Sanganer,Abhaipura,80114
Rajasthan,Jaipur,Sanganer,Acharawala,80112
Rajasthan,Jaipur,Sanganer,Ajairajpura,80055
Rajasthan,Jaipur,Sanganer,Ajairajpura,80172
Rajasthan,Jaipur,Sanganer,Anoppura,80044
Rajasthan,Jaipur,Sanganer,Asawala,80134
Rajasthan,Jaipur,Sanganer,Awaniya,80037
Rajasthan,Jaipur,Sanganer,Badanpura,80131
Rajasthan,Jaipur,Sanganer,Bagru Khurd,80065
Rajasthan,Jaipur,Sanganer,Bagru Rawan,80039
Rajasthan,Jaipur,Sanganer,Baksawala,80133
Rajasthan,Jaipur,Sanganer,Balawala,80110
Rajasthan,Jaipur,Sanganer,Balmukundpura @ Nada,80069
Rajasthan,Jaipur,Sanganer,Barh Ajairajpura,80050
Rajasthan,Jaipur,Sanganer,Barh Awaniya,80036
Rajasthan,Jaipur,Sanganer,Barh Hariharpura,80056
Rajasthan,Jaipur,Sanganer,Barh Shyopur,80140
Rajasthan,Jaipur,Sanganer,Barhmohanpura,80087
Rajasthan,Jaipur,Sanganer,Bari Ka Bas,80152
Rajasthan,Jaipur,Sanganer,Beelwa Kalan,80170
Rajasthan,Jaipur,Sanganer,Bhambhoriya,80064
Rajasthan,Jaipur,Sanganer,Bhankrota Khurd,80047
Rajasthan,Jaipur,Sanganer,Bhaosinghpura,80035
Rajasthan,Jaipur,Sanganer,Bhapura,80099
Rajasthan,Jaipur,Sanganer,Bhater,80123
Rajasthan,Jaipur,Sanganer,Chak Amjhar,80144
Rajasthan,Jaipur,Sanganer,Chak Basri,80094
Rajasthan,Jaipur,Sanganer,Chak Harbanspura,80081
Rajasthan,Jaipur,Sanganer,Chak No 6 (Chak Kitavti),80093
Rajasthan,Jaipur,Sanganer,Chak No.12,80115
Rajasthan,Jaipur,Sanganer,Chak No.7,80100
Rajasthan,Jaipur,Sanganer,Chak Saligrampura,80164
Rajasthan,Jaipur,Sanganer,Chak Sherwali,80101
Rajasthan,Jaipur,Sanganer,Chak katawali,901373
Rajasthan,Jaipur,Sanganer,Chak watika,901374
Rajasthan,Jaipur,Sanganer,Chakwatika,80142
Rajasthan,Jaipur,Sanganer,Chatarpura,80098
Rajasthan,Jaipur,Sanganer,Chatarpura,80159
Rajasthan,Jaipur,Sanganer,Chatarpura@ Lalya Ka Bas,80077
Rajasthan,Jaipur,Sanganer,Chhitroli,80040
Rajasthan,Jaipur,Sanganer,Chimanpura,80034
Rajasthan,Jaipur,Sanganer,Chirota,80060
Rajasthan,Jaipur,Sanganer,Dadiya,901371
Rajasthan,Jaipur,Sanganer,Dahmi Kalan,80032
Rajasthan,Jaipur,Sanganer,Dahmi Khurd,80031
Rajasthan,Jaipur,Sanganer,Dantli,80160
Rajasthan,Jaipur,Sanganer,Daulatpura,80097
Rajasthan,Jaipur,Sanganer,Dayalpura,80141
Rajasthan,Jaipur,Sanganer,Devisinghpura,80052
Rajasthan,Jaipur,Sanganer,Ganwar Brahmanan,80132
Rajasthan,Jaipur,Sanganer,Ganwar Jatan,80128
Rajasthan,Jaipur,Sanganer,Ghegha,80033
Rajasthan,Jaipur,Sanganer,Girdharipura,80102
Rajasthan,Jaipur,Sanganer,Goner,80162
Rajasthan,Jaipur,Sanganer,Harbanshpura,80083
Rajasthan,Jaipur,Sanganer,Harchandpura @ Deoliya,80067
Rajasthan,Jaipur,Sanganer,Hardhyanpura,80030
Rajasthan,Jaipur,Sanganer,Hargun Ki Nangal@Charanwala,80108
Rajasthan,Jaipur,Sanganer,Hariharpura,80049
Rajasthan,Jaipur,Sanganer,Hasampura,80059
Rajasthan,Jaipur,Sanganer,Hasampura Bas Neota,80090
Rajasthan,Jaipur,Sanganer,Jagannathpura,80051
Rajasthan,Jaipur,Sanganer,Jagannathpura,80117
Rajasthan,Jaipur,Sanganer,Jagat Sharvanpura,80088
Rajasthan,Jaipur,Sanganer,Jaichandpura,80167
Rajasthan,Jaipur,Sanganer,Jaijaspura,80058
Rajasthan,Jaipur,Sanganer,Jaisinghpura,80084
Rajasthan,Jaipur,Sanganer,Jaisinghpura @ Bas Beelwa,80150
Rajasthan,Jaipur,Sanganer,Jaisinghpura @ Buhariya,80147
Rajasthan,Jaipur,Sanganer,Jaisinghpura @ Roopwas,80106
Rajasthan,Jaipur,Sanganer,Jaisinghpura @ Tejawala,80113
Rajasthan,Jaipur,Sanganer,Jaisinghpura Bas Jeerota,80157
Rajasthan,Jaipur,Sanganer,Jaisinghpura Bas Neota,80095
Rajasthan,Jaipur,Sanganer,Jatawala,80122
Rajasthan,Jaipur,Sanganer,Jeerota,80156
Rajasthan,Jaipur,Sanganer,Jhanyee,80078
Rajasthan,Jaipur,Sanganer,Jhund,80043
Rajasthan,Jaipur,Sanganer,Kalwara,80063
Rajasthan,Jaipur,Sanganer,Kapoorawala,80104
Rajasthan,Jaipur,Sanganer,Khatwara,80079
Rajasthan,Jaipur,Sanganer,Kheri Gokulpura,80129
Rajasthan,Jaipur,Sanganer,Khetapura,80145
Rajasthan,Jaipur,Sanganer,Khoosar,80153
Rajasthan,Jaipur,Sanganer,Kishanpura @ Khatipura,80103
Rajasthan,Jaipur,Sanganer,Kishorpura,80109
Rajasthan,Jaipur,Sanganer,Kodar,80038
Rajasthan,Jaipur,Sanganer,Lakhana,80121
Rajasthan,Jaipur,Sanganer,Lakhawas,80057
Rajasthan,Jaipur,Sanganer,Lakshminarayanpura,80045
Rajasthan,Jaipur,Sanganer,Laxmipura,80149
Rajasthan,Jaipur,Sanganer,Laxmipura @ Nataniwala,80135
Rajasthan,Jaipur,Sanganer,Mahapura,80076
Rajasthan,Jaipur,Sanganer,Mahasinghpura @ Keshyawala,80116
Rajasthan,Jaipur,Sanganer,Mandau,80082
Rajasthan,Jaipur,Sanganer,Manohariya Wala,80119
Rajasthan,Jaipur,Sanganer,Manpur Nagalya,80171
Rajasthan,Jaipur,Sanganer,Manpura @ Bhatawala,80126
Rajasthan,Jaipur,Sanganer,Manpura Teelawala,80107
Rajasthan,Jaipur,Sanganer,Mathurawala,80169
Rajasthan,Jaipur,Sanganer,Mohanpura,80086
Rajasthan,Jaipur,Sanganer,Mohanpura,80143
Rajasthan,Jaipur,Sanganer,Muhana,80089
Rajasthan,Jaipur,Sanganer,Murlipura @ Mishra Ka Barh,80151
Rajasthan,Jaipur,Sanganer,Nanakpura @ Hema Ki Nangal,80173
Rajasthan,Jaipur,Sanganer,Nangal Bar Goojran@Phagodiyawala,80071
Rajasthan,Jaipur,Sanganer,Narottampura,80085
Rajasthan,Jaipur,Sanganer,Narsinghpura,80075
Rajasthan,Jaipur,Sanganer,Narsinghpura @ Dadiya,80062
Rajasthan,Jaipur,Sanganer,Narwariya,80046
Rajasthan,Jaipur,Sanganer,Neota,80091
Rajasthan,Jaipur,Sanganer,Palri Parsa,80061
Rajasthan,Jaipur,Sanganer,Pawaliya,80105
Rajasthan,Jaipur,Sanganer,Peepla Bharatsingh,80080
Rajasthan,Jaipur,Sanganer,Prahladpura,80174
Rajasthan,Jaipur,Sanganer,Prempura,80096
Rajasthan,Jaipur,Sanganer,Prithvisinghpura @ Naiwala,80070
Rajasthan,Jaipur,Sanganer,Purshottampura @ Dadiya,80130
Rajasthan,Jaipur,Sanganer,Ramchandpura,80074
Rajasthan,Jaipur,Sanganer,Ramchandpura,80154
Rajasthan,Jaipur,Sanganer,Ramdattpura,80048
Rajasthan,Jaipur,Sanganer,Ramjipura Bas Neota,80092
Rajasthan,Jaipur,Sanganer,Rampura @ Kanwarpura,80168
Rajasthan,Jaipur,Sanganer,Rampura Unti,80042
Rajasthan,Jaipur,Sanganer,Rampurawas Deoliya,80068
Rajasthan,Jaipur,Sanganer,Ramsinghpura,80124
Rajasthan,Jaipur,Sanganer,Ratalya,80118
Rajasthan,Jaipur,Sanganer,Saligrampura,80163
Rajasthan,Jaipur,Sanganer,Sanjariya,80029
Rajasthan,Jaipur,Sanganer,Sanwant Ka Bas,80146
Rajasthan,Jaipur,Sanganer,Sarangpura,80073
Rajasthan,Jaipur,Sanganer,Seesyawas,80158
Rajasthan,Jaipur,Sanganer,Shri Kishanpura,80155
Rajasthan,Jaipur,Sanganer,Shri Ram Ki Nangal,80137
Rajasthan,Jaipur,Sanganer,Shri Rampura,80111
Rajasthan,Jaipur,Sanganer,Shyampura Buhariya,80148
Rajasthan,Jaipur,Sanganer,Shyosinghpura,80041
Rajasthan,Jaipur,Sanganer,Shyosinghpura @ Kallawala,80139
Rajasthan,Jaipur,Sanganer,Sirani,80053
Rajasthan,Jaipur,Sanganer,Siroli,80161
Rajasthan,Jaipur,Sanganer,Sitapura Bas Sanjhariya,80028
Rajasthan,Jaipur,Sanganer,Sitarampura,80120
Rajasthan,Jaipur,Sanganer,Sukhdeopura @ Nataniwala,80136
Rajasthan,Jaipur,Sanganer,Sukhdeopura @ Nohara,80138
Rajasthan,Jaipur,Sanganer,Surajpura,80127
Rajasthan,Jaipur,Sanganer,Suratpura,80054
Rajasthan,Jaipur,Sanganer,Teelawas,80066
Rajasthan,Jaipur,Sanganer,Thikariya,80072
Rajasthan,Jaipur,Sanganer,Vidhani,80166
Rajasthan,Jaipur,Sanganer,Vimalpura,80165
Rajasthan,Jaipur,Sanganer,Watika,80125
Uttar Pradesh,Agra,Etmadpur,Agarpur,124495
Uttar Pradesh,Agra,Etmadpur,Agwarkhas,124552
Uttar Pradesh,Agra,Etmadpur,Aharan,124524
Uttar Pradesh,Agra,Etmadpur,Amanabad,124514
Uttar Pradesh,Agra,Etmadpur,Anwal Khera,124490
Uttar Pradesh,Agra,Etmadpur,Arela,124548
Uttar Pradesh,Agra,Etmadpur,Bahrampur,124551
Uttar Pradesh,Agra,Etmadpur,Bailoth,124478
Uttar Pradesh,Agra,Etmadpur,Baman,124480
Uttar Pradesh,Agra,Etmadpur,Bandhanu,124484
Uttar Pradesh,Agra,Etmadpur,Barhan,124537
Uttar Pradesh,Agra,Etmadpur,Benai,124545
Uttar Pradesh,Agra,Etmadpur,Bhagupur,124503
Uttar Pradesh,Agra,Etmadpur,Bhikanpur Bakarpur,124569
Uttar Pradesh,Agra,Etmadpur,Bholai Mohammadpur,940853
Uttar Pradesh,Agra,Etmadpur,Biharipur,124555
Uttar Pradesh,Agra,Etmadpur,Biruni,124538
Uttar Pradesh,Agra,Etmadpur,Chalesar,940854
Uttar Pradesh,Agra,Etmadpur,Chamraula,124513
Uttar Pradesh,Agra,Etmadpur,Chaoli,124549
Uttar Pradesh,Agra,Etmadpur,Chaugan,124502
Uttar Pradesh,Agra,Etmadpur,Chaukra,124489
Uttar Pradesh,Agra,Etmadpur,Chirhauli,124547
Uttar Pradesh,Agra,Etmadpur,Chuharpur,124529
Uttar Pradesh,Agra,Etmadpur,Dhangrauli Must,124469
Uttar Pradesh,Agra,Etmadpur,Dharera,124562
Uttar Pradesh,Agra,Etmadpur,Dhaurra,124505
Uttar Pradesh,Agra,Etmadpur,Dhorau,124500
Uttar Pradesh,Agra,Etmadpur,Etmaudaulla,940855
Uttar Pradesh,Agra,Etmadpur,Gadpura,124509
Uttar Pradesh,Agra,Etmadpur,Garhi Pirthi,124560
Uttar Pradesh,Agra,Etmadpur,Garhibachchi,124557
Uttar Pradesh,Agra,Etmadpur,Gijauli Must,124468
Uttar Pradesh,Agra,Etmadpur,Gurha,124501
Uttar Pradesh,Agra,Etmadpur,Hasan Jahanpur,124519
Uttar Pradesh,Agra,Etmadpur,Hasanpur,124497
Uttar Pradesh,Agra,Etmadpur,Hasnabad,124515
Uttar Pradesh,Agra,Etmadpur,Hazipur Khera,124465
Uttar Pradesh,Agra,Etmadpur,Jaganpur,124521
Uttar Pradesh,Agra,Etmadpur,Jamalnagar Bhains,124510
Uttar Pradesh,Agra,Etmadpur,Jamnipur,124530
Uttar Pradesh,Agra,Etmadpur,Jampur,124511
Uttar Pradesh,Agra,Etmadpur,Khairaini,124561
Uttar Pradesh,Agra,Etmadpur,Khanda,124483
Uttar Pradesh,Agra,Etmadpur,Khandauli (CT),124572
Uttar Pradesh,Agra,Etmadpur,Khandia,124481
Uttar Pradesh,Agra,Etmadpur,Kharagpur,124487
Uttar Pradesh,Agra,Etmadpur,Kharkana,124523
Uttar Pradesh,Agra,Etmadpur,Kheri Aru,124531
Uttar Pradesh,Agra,Etmadpur,Kheriya Khandauli,124476
Uttar Pradesh,Agra,Etmadpur,Kuberpur,124504
Uttar Pradesh,Agra,Etmadpur,Kurgawan Khokar,124533
Uttar Pradesh,Agra,Etmadpur,Lakhna Mai,124564
Uttar Pradesh,Agra,Etmadpur,Madan Pur Must,124467
Uttar Pradesh,Agra,Etmadpur,Mahabatpur,124546
Uttar Pradesh,Agra,Etmadpur,Malupur,124474
Uttar Pradesh,Agra,Etmadpur,Mitaoli,124566
Uttar Pradesh,Agra,Etmadpur,Mohisinabad,124539
Uttar Pradesh,Agra,Etmadpur,Mubarkpur Nidhauli,124528
Uttar Pradesh,Agra,Etmadpur,Mukhwar,124550
Uttar Pradesh,Agra,Etmadpur,Mundi Jahangirpur,124496
Uttar Pradesh,Agra,Etmadpur,Murlidharpur,124543
Uttar Pradesh,Agra,Etmadpur,Murthar Alipur,124522
Uttar Pradesh,Agra,Etmadpur,Nadau,124498
Uttar Pradesh,Agra,Etmadpur,Nagla Bari,940856
Uttar Pradesh,Agra,Etmadpur,Nagla Beal,124540
Uttar Pradesh,Agra,Etmadpur,Nagla Dhimar Etmali,940857
Uttar Pradesh,Agra,Etmadpur,Nagla Gol,124544
Uttar Pradesh,Agra,Etmadpur,Nagla Kuwar Janubi,124525
Uttar Pradesh,Agra,Etmadpur,Nagla Kuwar Shumali,124526
Uttar Pradesh,Agra,Etmadpur,Nagla Mahasingh,124534
Uttar Pradesh,Agra,Etmadpur,Nagla Mani,124559
Uttar Pradesh,Agra,Etmadpur,Nagla Nishankh,124558
Uttar Pradesh,Agra,Etmadpur,Nagla Pachauri,124542
Uttar Pradesh,Agra,Etmadpur,Nagla Sarup,124517
Uttar Pradesh,Agra,Etmadpur,Nagla Sirji,124536
Uttar Pradesh,Agra,Etmadpur,Nagla Tulsi,124553
Uttar Pradesh,Agra,Etmadpur,Naharra,124479
Uttar Pradesh,Agra,Etmadpur,Naraich Mustkil First,940858
Uttar Pradesh,Agra,Etmadpur,Naraych Ehtmali,940859
Uttar Pradesh,Agra,Etmadpur,Nawalpur,124556
Uttar Pradesh,Agra,Etmadpur,Nayabans,124554
Uttar Pradesh,Agra,Etmadpur,Nekpur,124477
Uttar Pradesh,Agra,Etmadpur,Pant Khara,124464
Uttar Pradesh,Agra,Etmadpur,Parbatpur,124463
Uttar Pradesh,Agra,Etmadpur,Parihar,124488
Uttar Pradesh,Agra,Etmadpur,Pesai,124486
Uttar Pradesh,Agra,Etmadpur,Poiya,124499
Uttar Pradesh,Agra,Etmadpur,Rahan Khurd,124506
Uttar Pradesh,Agra,Etmadpur,Rahankalan,124507
Uttar Pradesh,Agra,Etmadpur,Raipur,124508
Uttar Pradesh,Agra,Etmadpur,Ramnagar Khandauli,124473
Uttar Pradesh,Agra,Etmadpur,Rasulpur,124567
Uttar Pradesh,Agra,Etmadpur,Roopdhandu,124485
Uttar Pradesh,Agra,Etmadpur,Saifuddinpur,124520
Uttar Pradesh,Agra,Etmadpur,Sarai Day Ruppa,124466
Uttar Pradesh,Agra,Etmadpur,Sarai Jairam,124541
Uttar Pradesh,Agra,Etmadpur,Satauli,940860
Uttar Pradesh,Agra,Etmadpur,Satta,940861
Uttar Pradesh,Agra,Etmadpur,Semra,124482
Uttar Pradesh,Agra,Etmadpur,Seora,124491
Uttar Pradesh,Agra,Etmadpur,Sherkhan,124493
Uttar Pradesh,Agra,Etmadpur,Sihorgarh,124527
Uttar Pradesh,Agra,Etmadpur,Siktara,124565
Uttar Pradesh,Agra,Etmadpur,Sorai,124462
Uttar Pradesh,Agra,Etmadpur,Sujanpur,124512
Uttar Pradesh,Agra,Etmadpur,Surehra (Must.),124570
Uttar Pradesh,Agra,Etmadpur,Swain,124568
Uttar Pradesh,Agra,Etmadpur,Talab Buriya,124563
Uttar Pradesh,Agra,Etmadpur,Tamanchgarh,124535
Uttar Pradesh,Agra,Etmadpur,Tehu,124516
Uttar Pradesh,Agra,Etmadpur,Ujrai,124475
Uttar Pradesh,Agra,Etmadpur,Uncha,124494
Uttar Pradesh,Agra,Etmadpur,Usmanpur,124492
Uttar Pradesh,Agra,Etmadpur,Yusufpur,124518
Uttar Pradesh,Agra,Kiraoli,Aaraji Emlak,940864
Uttar Pradesh,Agra,Kiraoli,Abhaidopura,124838
Uttar Pradesh,Agra,Kiraoli,Abhuapura T A Outside,940865
Uttar Pradesh,Agra,Kiraoli,Achhnera,940866
Uttar Pradesh,Agra,Kiraoli,Akabara,124803
Uttar Pradesh,Agra,Kiraoli,Akhbai,124865
Uttar Pradesh,Agra,Kiraoli,Anganpura,124791
Uttar Pradesh,Agra,Kiraoli,Ardaya,124833
Uttar Pradesh,Agra,Kiraoli,Arhera,124772
Uttar Pradesh,Agra,Kiraoli,Arrua Khas,124829
Uttar Pradesh,Agra,Kiraoli,Arsena,124801
Uttar Pradesh,Agra,Kiraoli,Atus,124813
Uttar Pradesh,Agra,Kiraoli,Aulenda,124731
Uttar Pradesh,Agra,Kiraoli,Babrod,124789
Uttar Pradesh,Agra,Kiraoli,Badanpur Barnamai,124745
Uttar Pradesh,Agra,Kiraoli,Baha,124861
Uttar Pradesh,Agra,Kiraoli,Baharabati Khas,124761
Uttar Pradesh,Agra,Kiraoli,Baiman,124854
Uttar Pradesh,Agra,Kiraoli,Bajidpura,124771
Uttar Pradesh,Agra,Kiraoli,Bakanda Khas,124768
Uttar Pradesh,Agra,Kiraoli,Bamanpura,124857
Uttar Pradesh,Agra,Kiraoli,Bandrauli,124719
Uttar Pradesh,Agra,Kiraoli,Bangkalan,940867
Uttar Pradesh,Agra,Kiraoli,Banpur,124778
Uttar Pradesh,Agra,Kiraoli,Barauli,124840
Uttar Pradesh,Agra,Kiraoli,Baroda Sadar,124847
Uttar Pradesh,Agra,Kiraoli,Basaia Raimol,124859
Uttar Pradesh,Agra,Kiraoli,Basaia Rajput,124786
Uttar Pradesh,Agra,Kiraoli,Basaiya Bobla,124858
Uttar Pradesh,Agra,Kiraoli,Basaiya Jotraj,124860
Uttar Pradesh,Agra,Kiraoli,Baseri Chahar,124855
Uttar Pradesh,Agra,Kiraoli,Baseri Kazi,124750
Uttar Pradesh,Agra,Kiraoli,Baseri Sikander,124753
Uttar Pradesh,Agra,Kiraoli,Bastai,124793
Uttar Pradesh,Agra,Kiraoli,Bhandiri,124782
Uttar Pradesh,Agra,Kiraoli,Bharhkol,124759
Uttar Pradesh,Agra,Kiraoli,Bhilawati,124808
Uttar Pradesh,Agra,Kiraoli,Bho Pur,124723
Uttar Pradesh,Agra,Kiraoli,Bidyapur,124837
Uttar Pradesh,Agra,Kiraoli,Biyara,124831
Uttar Pradesh,Agra,Kiraoli,Chainkora,124844
Uttar Pradesh,Agra,Kiraoli,Chauma Farah,124800
Uttar Pradesh,Agra,Kiraoli,Chauma Shahpur,124702
Uttar Pradesh,Agra,Kiraoli,Chha Pokhar,124828
Uttar Pradesh,Agra,Kiraoli,Churiyari,124708
Uttar Pradesh,Agra,Kiraoli,Dabar,124724
Uttar Pradesh,Agra,Kiraoli,Dadukara,124701
Uttar Pradesh,Agra,Kiraoli,Dadupura,124736
Uttar Pradesh,Agra,Kiraoli,Daudpur,124714
Uttar Pradesh,Agra,Kiraoli,Daultabad,124756
Uttar Pradesh,Agra,Kiraoli,Davli,124846
Uttar Pradesh,Agra,Kiraoli,Deonari,124744
Uttar Pradesh,Agra,Kiraoli,Deorentha,124777
Uttar Pradesh,Agra,Kiraoli,Dhanoli,124834
Uttar Pradesh,Agra,Kiraoli,Didhwar,124775
Uttar Pradesh,Agra,Kiraoli,Doora,124774
Uttar Pradesh,Agra,Kiraoli,Dulhara,124742
Uttar Pradesh,Agra,Kiraoli,Fatehpura,124787
Uttar Pradesh,Agra,Kiraoli,Gahara Kalan,124867
Uttar Pradesh,Agra,Kiraoli,Gahara Khurd,124868
Uttar Pradesh,Agra,Kiraoli,Garhi Chandraman,124832
Uttar Pradesh,Agra,Kiraoli,Garhima,124783
Uttar Pradesh,Agra,Kiraoli,Ghiloy,124703
Uttar Pradesh,Agra,Kiraoli,Ghoroli,124712
Uttar Pradesh,Agra,Kiraoli,Gobra,124781
Uttar Pradesh,Agra,Kiraoli,Gopau,124835
Uttar Pradesh,Agra,Kiraoli,Gothara,124751
Uttar Pradesh,Agra,Kiraoli,Gujarpura,124741
Uttar Pradesh,Agra,Kiraoli,Gur Ki Mandi,124737
Uttar Pradesh,Agra,Kiraoli,Gurha,124841
Uttar Pradesh,Agra,Kiraoli,Hansela,124779
Uttar Pradesh,Agra,Kiraoli,Hanspura,124743
Uttar Pradesh,Agra,Kiraoli,Ikram Nagar,124863
Uttar Pradesh,Agra,Kiraoli,Imlabada,124747
Uttar Pradesh,Agra,Kiraoli,Jahanpur,124730
Uttar Pradesh,Agra,Kiraoli,Jain Gara,124856
Uttar Pradesh,Agra,Kiraoli,Jajau,124767
Uttar Pradesh,Agra,Kiraoli,Jajauli,124720
Uttar Pradesh,Agra,Kiraoli,Jakha,124823
Uttar Pradesh,Agra,Kiraoli,Janutha,124814
Uttar Pradesh,Agra,Kiraoli,Jautana,124727
Uttar Pradesh,Agra,Kiraoli,Jharothi,124825
Uttar Pradesh,Agra,Kiraoli,Jitora,124851
Uttar Pradesh,Agra,Kiraoli,Jugsena,124799
Uttar Pradesh,Agra,Kiraoli,Kachaura,124792
Uttar Pradesh,Agra,Kiraoli,Kandau Barau,124735
Uttar Pradesh,Agra,Kiraoli,Karahara,124849
Uttar Pradesh,Agra,Kiraoli,Karahi,124706
Uttar Pradesh,Agra,Kiraoli,Kasoti,124796
Uttar Pradesh,Agra,Kiraoli,Kathawari,124809
Uttar Pradesh,Agra,Kiraoli,Khanpur Nithari,124748
Uttar Pradesh,Agra,Kiraoli,Kharbai,124811
Uttar Pradesh,Agra,Kiraoli,Khera Bakanda,124842
Uttar Pradesh,Agra,Kiraoli,Khera Jat,124725
Uttar Pradesh,Agra,Kiraoli,Khera Sadhan,124785
Uttar Pradesh,Agra,Kiraoli,Kheria,124864
Uttar Pradesh,Agra,Kiraoli,Kitham,124797
Uttar Pradesh,Agra,Kiraoli,Korai,124765
Uttar Pradesh,Agra,Kiraoli,Kukathala,124810
Uttar Pradesh,Agra,Kiraoli,Loh Karera,124804
Uttar Pradesh,Agra,Kiraoli,Mahadau,124700
Uttar Pradesh,Agra,Kiraoli,Mahuar,124824
Uttar Pradesh,Agra,Kiraoli,Mai,124795
Uttar Pradesh,Agra,Kiraoli,Mai Bujurg,124740
Uttar Pradesh,Agra,Kiraoli,Malikpur,124766
Uttar Pradesh,Agra,Kiraoli,Mandi Mirza Khan,124726
Uttar Pradesh,Agra,Kiraoli,Mandoli,124749
Uttar Pradesh,Agra,Kiraoli,Mangarol Gujar,124802
Uttar Pradesh,Agra,Kiraoli,Mangarol Jat,124827
Uttar Pradesh,Agra,Kiraoli,Mangoli Kalan,124732
Uttar Pradesh,Agra,Kiraoli,Mangoli Khurd,124734
Uttar Pradesh,Agra,Kiraoli,Mangura,124815
Uttar Pradesh,Agra,Kiraoli,Maniyan,124853
Uttar Pradesh,Agra,Kiraoli,Mohammadpur,124717
Uttar Pradesh,Agra,Kiraoli,Mori,124839
Uttar Pradesh,Agra,Kiraoli,Mubarizpur,124790
Uttar Pradesh,Agra,Kiraoli,Murenda,124807
Uttar Pradesh,Agra,Kiraoli,Nagar,124812
Uttar Pradesh,Agra,Kiraoli,Nagla Arrua,124830
Uttar Pradesh,Agra,Kiraoli,Nagla Mangoli,124733
Uttar Pradesh,Agra,Kiraoli,Nagla Sarai,124721
Uttar Pradesh,Agra,Kiraoli,Nagla Sikarwar,124850
Uttar Pradesh,Agra,Kiraoli,Nagla baharawati,124763
Uttar Pradesh,Agra,Kiraoli,Nahchani,124845
Uttar Pradesh,Agra,Kiraoli,Nanau,124794
Uttar Pradesh,Agra,Kiraoli,Naraul,124862
Uttar Pradesh,Agra,Kiraoli,Naya Bass,124755
Uttar Pradesh,Agra,Kiraoli,Nazirpura,124709
Uttar Pradesh,Agra,Kiraoli,Ninbaya,124762
Uttar Pradesh,Agra,Kiraoli,Nurpur,124738
Uttar Pradesh,Agra,Kiraoli,Pali Kiraoli,124704
Uttar Pradesh,Agra,Kiraoli,Pali Sadar,124822
Uttar Pradesh,Agra,Kiraoli,Panchakki,124752
Uttar Pradesh,Agra,Kiraoli,Panwari,124805
Uttar Pradesh,Agra,Kiraoli,Patsal,124705
Uttar Pradesh,Agra,Kiraoli,Puramana,124836
Uttar Pradesh,Agra,Kiraoli,Raibha,124816
Uttar Pradesh,Agra,Kiraoli,Raipura Ahir,124806
Uttar Pradesh,Agra,Kiraoli,Rampur,124788
Uttar Pradesh,Agra,Kiraoli,Rasulpur Kiraoli,124707
Uttar Pradesh,Agra,Kiraoli,Rasulpur Sadar,124820
Uttar Pradesh,Agra,Kiraoli,Rithaura,124866
Uttar Pradesh,Agra,Kiraoli,Rojauli,124770
Uttar Pradesh,Agra,Kiraoli,Runkata (CT),124869
Uttar Pradesh,Agra,Kiraoli,Sagunapur,124848
Uttar Pradesh,Agra,Kiraoli,Sahai,124819
Uttar Pradesh,Agra,Kiraoli,Sahanpur,124716
Uttar Pradesh,Agra,Kiraoli,Sahata,124818
Uttar Pradesh,Agra,Kiraoli,Sakatpur,124821
Uttar Pradesh,Agra,Kiraoli,Salemabad,124843
Uttar Pradesh,Agra,Kiraoli,Samara,124715
Uttar Pradesh,Agra,Kiraoli,Sandhan,124784
Uttar Pradesh,Agra,Kiraoli,Santha,124760
Uttar Pradesh,Agra,Kiraoli,Sarsa,124769
Uttar Pradesh,Agra,Kiraoli,Sika Rauda,124746
Uttar Pradesh,Agra,Kiraoli,Sikari 1 Hissa T.A. Outside,124728
Uttar Pradesh,Agra,Kiraoli,Sikari 2 Hissa,124710
Uttar Pradesh,Agra,Kiraoli,Sikri Hissa Iv,124711
Uttar Pradesh,Agra,Kiraoli,Singarpur,124764
Uttar Pradesh,Agra,Kiraoli,Singna,124798
Uttar Pradesh,Agra,Kiraoli,Sirauli,124722
Uttar Pradesh,Agra,Kiraoli,Sonothi,124718
Uttar Pradesh,Agra,Kiraoli,Sunhara,124773
Uttar Pradesh,Agra,Kiraoli,Supahara,124757
Uttar Pradesh,Agra,Kiraoli,Surothi,124754
Uttar Pradesh,Agra,Kiraoli,Tajpur,124758
Uttar Pradesh,Agra,Kiraoli,Teekri,124776
Uttar Pradesh,Agra,Kiraoli,Tehra Rawat,124729
Uttar Pradesh,Agra,Kiraoli,Thapi,124817
Uttar Pradesh,Agra,Kiraoli,Tirpuri,124780
Uttar Pradesh,Agra,Kiraoli,Turkia,124826
Uttar Pradesh,Agra,Kiraoli,Ujarai,124852
Uttar Pradesh,Agra,Kiraoli,Undera,124739
Uttar Pradesh,Agra,Kiraoli,Uttoo,124713
Uttar Pradesh,Barabanki,Fatehpur,Aalemau,164199
Uttar Pradesh,Barabanki,Fatehpur,Achaicha,163985
Uttar Pradesh,Barabanki,Fatehpur,Agasand,163915
Uttar Pradesh,Barabanki,Fatehpur,Agauli,164088
Uttar Pradesh,Barabanki,Fatehpur,Ahamad Nagar,163873
Uttar Pradesh,Barabanki,Fatehpur,Ahmadpur,164042
Uttar Pradesh,Barabanki,Fatehpur,Akbarpur,163893
Uttar Pradesh,Barabanki,Fatehpur,Akhaipur,163883
Uttar Pradesh,Barabanki,Fatehpur,Alampur,163835
Uttar Pradesh,Barabanki,Fatehpur,Alinagar Karaund,163906
Uttar Pradesh,Barabanki,Fatehpur,Allapur Bhakhrauli,163946
Uttar Pradesh,Barabanki,Fatehpur,Amarsanda,163925
Uttar Pradesh,Barabanki,Fatehpur,Amra,164184
Uttar Pradesh,Barabanki,Fatehpur,Anwari,163923
Uttar Pradesh,Barabanki,Fatehpur,Asohna,164130
Uttar Pradesh,Barabanki,Fatehpur,Athara,163861
Uttar Pradesh,Barabanki,Fatehpur,Aurangabad,164017
Uttar Pradesh,Barabanki,Fatehpur,Avawa,163862
Uttar Pradesh,Barabanki,Fatehpur,Bacharauli,163833
Uttar Pradesh,Barabanki,Fatehpur,Bachrajmau,164105
Uttar Pradesh,Barabanki,Fatehpur,Badagaon,163844
Uttar Pradesh,Barabanki,Fatehpur,Baddupur,163842
Uttar Pradesh,Barabanki,Fatehpur,Badela,164070
Uttar Pradesh,Barabanki,Fatehpur,Bahrauli,163913
Uttar Pradesh,Barabanki,Fatehpur,Baina Tikaihar,163914
Uttar Pradesh,Barabanki,Fatehpur,Baisara,163978
Uttar Pradesh,Barabanki,Fatehpur,Bajgahami,163818
Uttar Pradesh,Barabanki,Fatehpur,Bajidpur,164129
Uttar Pradesh,Barabanki,Fatehpur,Balloopur,164177
Uttar Pradesh,Barabanki,Fatehpur,Bamnitola,164013
Uttar Pradesh,Barabanki,Fatehpur,Banar,164066
Uttar Pradesh,Barabanki,Fatehpur,Bandginagar,163847
Uttar Pradesh,Barabanki,Fatehpur,Banjaria,164186
Uttar Pradesh,Barabanki,Fatehpur,Banmau,164210
Uttar Pradesh,Barabanki,Fatehpur,Bannisalemabad,164061
Uttar Pradesh,Barabanki,Fatehpur,Barawa,164084
Uttar Pradesh,Barabanki,Fatehpur,Barethi,164182
Uttar Pradesh,Barabanki,Fatehpur,Barkheria,163860
Uttar Pradesh,Barabanki,Fatehpur,Barnapur,164002
Uttar Pradesh,Barabanki,Fatehpur,Basantpur,163965
Uttar Pradesh,Barabanki,Fatehpur,Basantpur,164169
Uttar Pradesh,Barabanki,Fatehpur,Basara,163908
Uttar Pradesh,Barabanki,Fatehpur,Basara,164104
Uttar Pradesh,Barabanki,Fatehpur,Basari,164155
Uttar Pradesh,Barabanki,Fatehpur,Basauli,164208
Uttar Pradesh,Barabanki,Fatehpur,Behta,163877
Uttar Pradesh,Barabanki,Fatehpur,Behta Khemkaran,163962
Uttar Pradesh,Barabanki,Fatehpur,Behti,164075
Uttar Pradesh,Barabanki,Fatehpur,Behura,164007
Uttar Pradesh,Barabanki,Fatehpur,Belhara,163995
Uttar Pradesh,Barabanki,Fatehpur,Bhadesia,163821
Uttar Pradesh,Barabanki,Fatehpur,Bhadras,163814
Uttar Pradesh,Barabanki,Fatehpur,Bhagnapur,164207
Uttar Pradesh,Barabanki,Fatehpur,Bhaisuriya Mujahidpur,164141
Uttar Pradesh,Barabanki,Fatehpur,Bhandar,163870
Uttar Pradesh,Barabanki,Fatehpur,Bhatpurwa,164089
Uttar Pradesh,Barabanki,Fatehpur,Bhatwamau,163997
Uttar Pradesh,Barabanki,Fatehpur,Bhawanipur,163951
Uttar Pradesh,Barabanki,Fatehpur,Bheria,164143
Uttar Pradesh,Barabanki,Fatehpur,Bhikhampur,164150
Uttar Pradesh,Barabanki,Fatehpur,Bhundia,163987
Uttar Pradesh,Barabanki,Fatehpur,Bhundwa,163986
Uttar Pradesh,Barabanki,Fatehpur,Bhurkunda,164180
Uttar Pradesh,Barabanki,Fatehpur,Bibipur,163999
Uttar Pradesh,Barabanki,Fatehpur,Biddipur Kala,163963
Uttar Pradesh,Barabanki,Fatehpur,Biddipurkhurd,163841
Uttar Pradesh,Barabanki,Fatehpur,Bihuri,164016
Uttar Pradesh,Barabanki,Fatehpur,Bijauli,163827
Uttar Pradesh,Barabanki,Fatehpur,Bilauli,164095
Uttar Pradesh,Barabanki,Fatehpur,Bilauli,164117
Uttar Pradesh,Barabanki,Fatehpur,Bindoura Dharthariya,164151
Uttar Pradesh,Barabanki,Fatehpur,Birampur,163882
Uttar Pradesh,Barabanki,Fatehpur,Bisain,163910
Uttar Pradesh,Barabanki,Fatehpur,Bishunpur,164111
Uttar Pradesh,Barabanki,Fatehpur,Bisunpur,164144
Uttar Pradesh,Barabanki,Fatehpur,Bodhni,163828
Uttar Pradesh,Barabanki,Fatehpur,Budhanpur,164213
Uttar Pradesh,Barabanki,Fatehpur,Budhiyapur,164030
Uttar Pradesh,Barabanki,Fatehpur,Bunny Roshanpur,164062
Uttar Pradesh,Barabanki,Fatehpur,Burhna,163929
Uttar Pradesh,Barabanki,Fatehpur,Chagepur,164175
Uttar Pradesh,Barabanki,Fatehpur,Chakalwaria,164080
Uttar Pradesh,Barabanki,Fatehpur,Chakia,163891
Uttar Pradesh,Barabanki,Fatehpur,Chakkajipur,164011
Uttar Pradesh,Barabanki,Fatehpur,Chakkodar,164019
Uttar Pradesh,Barabanki,Fatehpur,Chakmajhar,164060
Uttar Pradesh,Barabanki,Fatehpur,Chakmakna,164081
Uttar Pradesh,Barabanki,Fatehpur,Chakmirpur,163943
Uttar Pradesh,Barabanki,Fatehpur,Chakshariphpur,164052
Uttar Pradesh,Barabanki,Fatehpur,Chandauli,163839
Uttar Pradesh,Barabanki,Fatehpur,Chandoora,164203
Uttar Pradesh,Barabanki,Fatehpur,Cheda,164153
Uttar Pradesh,Barabanki,Fatehpur,Chhandwal,164028
Uttar Pradesh,Barabanki,Fatehpur,Chhatwara,163991
Uttar Pradesh,Barabanki,Fatehpur,Chhilgawa,163857
Uttar Pradesh,Barabanki,Fatehpur,Chraiya,163994
Uttar Pradesh,Barabanki,Fatehpur,Dadanpur,940028
Uttar Pradesh,Barabanki,Fatehpur,Dadera,163889
Uttar Pradesh,Barabanki,Fatehpur,Dafarpur,163837
Uttar Pradesh,Barabanki,Fatehpur,Damaura,164055
Uttar Pradesh,Barabanki,Fatehpur,Dandiyamau,164051
Uttar Pradesh,Barabanki,Fatehpur,Darawan,163902
Uttar Pradesh,Barabanki,Fatehpur,Daryapur,163936
Uttar Pradesh,Barabanki,Fatehpur,Dashrathpur,164050
Uttar Pradesh,Barabanki,Fatehpur,Daulatpur,164134
Uttar Pradesh,Barabanki,Fatehpur,Daulatpur,164171
Uttar Pradesh,Barabanki,Fatehpur,Deogawan,164166
Uttar Pradesh,Barabanki,Fatehpur,Deokaliya,163960
Uttar Pradesh,Barabanki,Fatehpur,Deokaliya Baksi,163945
Uttar Pradesh,Barabanki,Fatehpur,Deokheria,164012
Uttar Pradesh,Barabanki,Fatehpur,Deora,163868
Uttar Pradesh,Barabanki,Fatehpur,Deoria,163952
Uttar Pradesh,Barabanki,Fatehpur,Devgawn,163940
Uttar Pradesh,Barabanki,Fatehpur,Dhadhara,163849
Uttar Pradesh,Barabanki,Fatehpur,Dhadhaura,164025
Uttar Pradesh,Barabanki,Fatehpur,Dhadhauri,164026
Uttar Pradesh,Barabanki,Fatehpur,Dhakauli,163981
Uttar Pradesh,Barabanki,Fatehpur,Dhakwa,164174
Uttar Pradesh,Barabanki,Fatehpur,Dhamsar,164119
Uttar Pradesh,Barabanki,Fatehpur,Dhanwalia,164154
Uttar Pradesh,Barabanki,Fatehpur,Dharauli,163816
Uttar Pradesh,Barabanki,Fatehpur,Dhaurahra,163875
Uttar Pradesh,Barabanki,Fatehpur,Dhaurali,164032
Uttar Pradesh,Barabanki,Fatehpur,Dhausar,164023
Uttar Pradesh,Barabanki,Fatehpur,Dingri,163826
Uttar Pradesh,Barabanki,Fatehpur,Dinpanah,163820
Uttar Pradesh,Barabanki,Fatehpur,Dohari,164191
Uttar Pradesh,Barabanki,Fatehpur,Durgapur Naubasta,164173
Uttar Pradesh,Barabanki,Fatehpur,Fatehpur,164137
Uttar Pradesh,Barabanki,Fatehpur,Fatehpurdehat,164044
Uttar Pradesh,Barabanki,Fatehpur,Firojpur,164057
Uttar Pradesh,Barabanki,Fatehpur,Firojpur,164197
Uttar Pradesh,Barabanki,Fatehpur,GANGAULA,164041
Uttar Pradesh,Barabanki,Fatehpur,Gaddipur,164069
Uttar Pradesh,Barabanki,Fatehpur,Gangaulaa,941984
Uttar Pradesh,Barabanki,Fatehpur,Gangauli,163920
Uttar Pradesh,Barabanki,Fatehpur,Gangauli,164131
Uttar Pradesh,Barabanki,Fatehpur,Gangchauli,163950
Uttar Pradesh,Barabanki,Fatehpur,Gangmau,164039
Uttar Pradesh,Barabanki,Fatehpur,Garchappa,164190
Uttar Pradesh,Barabanki,Fatehpur,Garia,163872
Uttar Pradesh,Barabanki,Fatehpur,Gaura Sallak,163993
Uttar Pradesh,Barabanki,Fatehpur,Gauragajni,164068
Uttar Pradesh,Barabanki,Fatehpur,Gauri Baniyani,163980
Uttar Pradesh,Barabanki,Fatehpur,Ghabara,164146
Uttar Pradesh,Barabanki,Fatehpur,Ghaghsi,163990
Uttar Pradesh,Barabanki,Fatehpur,Ghangri,164196
Uttar Pradesh,Barabanki,Fatehpur,Gheri,164109
Uttar Pradesh,Barabanki,Fatehpur,Ghughter,163886
Uttar Pradesh,Barabanki,Fatehpur,Goraicha,163843
Uttar Pradesh,Barabanki,Fatehpur,Gurauli,164132
Uttar Pradesh,Barabanki,Fatehpur,Gursel,164024
Uttar Pradesh,Barabanki,Fatehpur,Haiderganj,164102
Uttar Pradesh,Barabanki,Fatehpur,Hajipur,163874
Uttar Pradesh,Barabanki,Fatehpur,Hasanpur Tanda,164133
Uttar Pradesh,Barabanki,Fatehpur,Haswapara,163834
Uttar Pradesh,Barabanki,Fatehpur,Hazratpur,164123
Uttar Pradesh,Barabanki,Fatehpur,Hidayatpur,164008
Uttar Pradesh,Barabanki,Fatehpur,Hidayatpursipah,163845
Uttar Pradesh,Barabanki,Fatehpur,Ibrahimpur,163903
Uttar Pradesh,Barabanki,Fatehpur,Ibrahimpur,164036
Uttar Pradesh,Barabanki,Fatehpur,Imlipur,164201
Uttar Pradesh,Barabanki,Fatehpur,Inamipur,164183
Uttar Pradesh,Barabanki,Fatehpur,Isepur,164034
Uttar Pradesh,Barabanki,Fatehpur,Israli,164054
Uttar Pradesh,Barabanki,Fatehpur,Itaunja,163933
Uttar Pradesh,Barabanki,Fatehpur,Jafarpur,164093
Uttar Pradesh,Barabanki,Fatehpur,Jagaipur,163977
Uttar Pradesh,Barabanki,Fatehpur,Jagatpur,164156
Uttar Pradesh,Barabanki,Fatehpur,Jagsenda,164087
Uttar Pradesh,Barabanki,Fatehpur,Jaisnghpur,164192
Uttar Pradesh,Barabanki,Fatehpur,Jamolia,163895
Uttar Pradesh,Barabanki,Fatehpur,Jamuwan,163871
Uttar Pradesh,Barabanki,Fatehpur,Jarkha,164014
Uttar Pradesh,Barabanki,Fatehpur,Jather Kishnipur,164149
Uttar Pradesh,Barabanki,Fatehpur,Jaziamau,163864
Uttar Pradesh,Barabanki,Fatehpur,Jeoli,164188
Uttar Pradesh,Barabanki,Fatehpur,Jhanjhara,164198
Uttar Pradesh,Barabanki,Fatehpur,Jhansa,164071
Uttar Pradesh,Barabanki,Fatehpur,Jharsawa,163851
Uttar Pradesh,Barabanki,Fatehpur,Jianpur,163836
Uttar Pradesh,Barabanki,Fatehpur,Jigni,164195
Uttar Pradesh,Barabanki,Fatehpur,Jugaur,163924
Uttar Pradesh,Barabanki,Fatehpur,Jukhakhaur,164063
Uttar Pradesh,Barabanki,Fatehpur,Kaitha,163989
Uttar Pradesh,Barabanki,Fatehpur,Kajibehata,163852
Uttar Pradesh,Barabanki,Fatehpur,Kamipur,163858
Uttar Pradesh,Barabanki,Fatehpur,Kandraula,164021
Uttar Pradesh,Barabanki,Fatehpur,Kaparapur,163939
Uttar Pradesh,Barabanki,Fatehpur,Karanpur,164214
Uttar Pradesh,Barabanki,Fatehpur,Karaundi,164092
Uttar Pradesh,Barabanki,Fatehpur,Karsabhari,163984
Uttar Pradesh,Barabanki,Fatehpur,Karuwa,163880
Uttar Pradesh,Barabanki,Fatehpur,Kasaunja,164205
Uttar Pradesh,Barabanki,Fatehpur,Kasgaon,163876
Uttar Pradesh,Barabanki,Fatehpur,Katghara,164079
Uttar Pradesh,Barabanki,Fatehpur,Katramau,163927
Uttar Pradesh,Barabanki,Fatehpur,Katurikala,163930
Uttar Pradesh,Barabanki,Fatehpur,Katurikhurd,163931
Uttar Pradesh,Barabanki,Fatehpur,Kesrai,164145
Uttar Pradesh,Barabanki,Fatehpur,Khadehara,164193
Uttar Pradesh,Barabanki,Fatehpur,Khaira,164074
Uttar Pradesh,Barabanki,Fatehpur,Khairatpur,164006
Uttar Pradesh,Barabanki,Fatehpur,Khalilnagar,164118
Uttar Pradesh,Barabanki,Fatehpur,Khan Mohmmadpur,163859
Uttar Pradesh,Barabanki,Fatehpur,Khandsara,163863
Uttar Pradesh,Barabanki,Fatehpur,Khaporwa Khanpur,164009
Uttar Pradesh,Barabanki,Fatehpur,Khasi Sarayan,164033
Uttar Pradesh,Barabanki,Fatehpur,Khatauli,163830
Uttar Pradesh,Barabanki,Fatehpur,Kheria,164010
Uttar Pradesh,Barabanki,Fatehpur,Khinjhna,163824
Uttar Pradesh,Barabanki,Fatehpur,Khirhani,163900
Uttar Pradesh,Barabanki,Fatehpur,Khujjhi,163815
Uttar Pradesh,Barabanki,Fatehpur,Kiratpur,164048
Uttar Pradesh,Barabanki,Fatehpur,Kodari,164000
Uttar Pradesh,Barabanki,Fatehpur,Kodnwa,164108
Uttar Pradesh,Barabanki,Fatehpur,Kodri Sant Saran Das,163947
Uttar Pradesh,Barabanki,Fatehpur,Kondri Gopalpur,163840
Uttar Pradesh,Barabanki,Fatehpur,Korhwa,163904
Uttar Pradesh,Barabanki,Fatehpur,Kunwa Danda,163974
Uttar Pradesh,Barabanki,Fatehpur,Kursi,163907
Uttar Pradesh,Barabanki,Fatehpur,Kutbapur,164138
Uttar Pradesh,Barabanki,Fatehpur,Kutlupur,164114
Uttar Pradesh,Barabanki,Fatehpur,Kyontali,164176
Uttar Pradesh,Barabanki,Fatehpur,Lahsi,164005
Uttar Pradesh,Barabanki,Fatehpur,Lakaunda,164157
Uttar Pradesh,Barabanki,Fatehpur,Lalapur,164031
Uttar Pradesh,Barabanki,Fatehpur,Lalpur,164067
Uttar Pradesh,Barabanki,Fatehpur,Likhana,163921
Uttar Pradesh,Barabanki,Fatehpur,Lilauli,163942
Uttar Pradesh,Barabanki,Fatehpur,Loharpur,164142
Uttar Pradesh,Barabanki,Fatehpur,Madanpur,164073
Uttar Pradesh,Barabanki,Fatehpur,Madarpur,164072
Uttar Pradesh,Barabanki,Fatehpur,Madinpur,163911
Uttar Pradesh,Barabanki,Fatehpur,Maghgawan,163964
Uttar Pradesh,Barabanki,Fatehpur,Maghgawan,164160
Uttar Pradesh,Barabanki,Fatehpur,Mahanpur,163881
Uttar Pradesh,Barabanki,Fatehpur,Mahmood Nagar Banauga,163918
Uttar Pradesh,Barabanki,Fatehpur,Mahuwadada,163982
Uttar Pradesh,Barabanki,Fatehpur,Majhgawan Sharif,164121
Uttar Pradesh,Barabanki,Fatehpur,Makhdoompur,163869
Uttar Pradesh,Barabanki,Fatehpur,Mallawa,163831
Uttar Pradesh,Barabanki,Fatehpur,Manikpur,163966
Uttar Pradesh,Barabanki,Fatehpur,Manjhari,164172
Uttar Pradesh,Barabanki,Fatehpur,Masoodpur,164097
Uttar Pradesh,Barabanki,Fatehpur,Masudpur,164027
Uttar Pradesh,Barabanki,Fatehpur,Matehna,164168
Uttar Pradesh,Barabanki,Fatehpur,Maulabad,163937
Uttar Pradesh,Barabanki,Fatehpur,Mawaya,164106
Uttar Pradesh,Barabanki,Fatehpur,Mirjapur,164015
Uttar Pradesh,Barabanki,Fatehpur,Mirnagar,163917
Uttar Pradesh,Barabanki,Fatehpur,Mirnagar,164077
Uttar Pradesh,Barabanki,Fatehpur,Mithwara,164004
Uttar Pradesh,Barabanki,Fatehpur,Miyapur,164082
Uttar Pradesh,Barabanki,Fatehpur,Moazzampur,163941
Uttar Pradesh,Barabanki,Fatehpur,Mohalia,163879
Uttar Pradesh,Barabanki,Fatehpur,Mohammadpur,164189
Uttar Pradesh,Barabanki,Fatehpur,Mohanpur,164126
Uttar Pradesh,Barabanki,Fatehpur,Mohbbatpur,163948
Uttar Pradesh,Barabanki,Fatehpur,Mohmmadipur,164022
Uttar Pradesh,Barabanki,Fatehpur,Mohmmadpur,164110
Uttar Pradesh,Barabanki,Fatehpur,Mohsand,163909
Uttar Pradesh,Barabanki,Fatehpur,Mokalpur,164161
Uttar Pradesh,Barabanki,Fatehpur,Mundabhari,164178
Uttar Pradesh,Barabanki,Fatehpur,Mundera,164090
Uttar Pradesh,Barabanki,Fatehpur,Munderi,164091
Uttar Pradesh,Barabanki,Fatehpur,Munimpur Baitra,163912
Uttar Pradesh,Barabanki,Fatehpur,Nagra,163885
Uttar Pradesh,Barabanki,Fatehpur,Nahnipur,163896
Uttar Pradesh,Barabanki,Fatehpur,Naimabad,164065
Uttar Pradesh,Barabanki,Fatehpur,Naktauli,164083
Uttar Pradesh,Barabanki,Fatehpur,Nandanakala,164100
Uttar Pradesh,Barabanki,Fatehpur,Nandanakhurd,164098
Uttar Pradesh,Barabanki,Fatehpur,Nandkuin,164076
Uttar Pradesh,Barabanki,Fatehpur,Nandpur,163856
Uttar Pradesh,Barabanki,Fatehpur,Nandrasi,164094
Uttar Pradesh,Barabanki,Fatehpur,Narainpur,163887
Uttar Pradesh,Barabanki,Fatehpur,Neri,163972
Uttar Pradesh,Barabanki,Fatehpur,Niamatpur,163919
Uttar Pradesh,Barabanki,Fatehpur,Nijampur,163954
Uttar Pradesh,Barabanki,Fatehpur,Nindoora,163898
Uttar Pradesh,Barabanki,Fatehpur,Odaria,163894
Uttar Pradesh,Barabanki,Fatehpur,Odarpur,163897
Uttar Pradesh,Barabanki,Fatehpur,Paharapur,163867
Uttar Pradesh,Barabanki,Fatehpur,Paharapur,164001
Uttar Pradesh,Barabanki,Fatehpur,Pahla Saraiya,163958
Uttar Pradesh,Barabanki,Fatehpur,Paigamberpur,163865
Uttar Pradesh,Barabanki,Fatehpur,Paigwa,164125
Uttar Pradesh,Barabanki,Fatehpur,Pakariyapur,164056
Uttar Pradesh,Barabanki,Fatehpur,Palhari,164158
Uttar Pradesh,Barabanki,Fatehpur,Palhra,164159
Uttar Pradesh,Barabanki,Fatehpur,Palia,163855
Uttar Pradesh,Barabanki,Fatehpur,Palpatan,164043
Uttar Pradesh,Barabanki,Fatehpur,Pandari,163916
Uttar Pradesh,Barabanki,Fatehpur,Pandri,164086
Uttar Pradesh,Barabanki,Fatehpur,Papehara,164035
Uttar Pradesh,Barabanki,Fatehpur,Para,164147
Uttar Pradesh,Barabanki,Fatehpur,Parbatpur,164209
Uttar Pradesh,Barabanki,Fatehpur,Parkiar Bhari,163934
Uttar Pradesh,Barabanki,Fatehpur,Pataunja,164148
Uttar Pradesh,Barabanki,Fatehpur,Patna,164128
Uttar Pradesh,Barabanki,Fatehpur,Pilehati Haidrabad,163905
Uttar Pradesh,Barabanki,Fatehpur,Pindsawa,163892
Uttar Pradesh,Barabanki,Fatehpur,Pipari,164170
Uttar Pradesh,Barabanki,Fatehpur,Piparsand,163846
Uttar Pradesh,Barabanki,Fatehpur,Piprauli,163932
Uttar Pradesh,Barabanki,Fatehpur,Pokharni,163901
Uttar Pradesh,Barabanki,Fatehpur,Prempur,163850
Uttar Pradesh,Barabanki,Fatehpur,Puranpur,164206
Uttar Pradesh,Barabanki,Fatehpur,Puregulam Mohmmad,164059
Uttar Pradesh,Barabanki,Fatehpur,Rahilamau,163976
Uttar Pradesh,Barabanki,Fatehpur,Raichandmau,164037
Uttar Pradesh,Barabanki,Fatehpur,Raigawan,163817
Uttar Pradesh,Barabanki,Fatehpur,Raipur,163968
Uttar Pradesh,Barabanki,Fatehpur,Raipur,164202
Uttar Pradesh,Barabanki,Fatehpur,Rajauli,164112
Uttar Pradesh,Barabanki,Fatehpur,Ralbhari,163988
Uttar Pradesh,Barabanki,Fatehpur,Rammadai,164200
Uttar Pradesh,Barabanki,Fatehpur,Randwara,164127
Uttar Pradesh,Barabanki,Fatehpur,Rangpurwa,163975
Uttar Pradesh,Barabanki,Fatehpur,Ranjitpur,164152
Uttar Pradesh,Barabanki,Fatehpur,Rariya,164122
Uttar Pradesh,Barabanki,Fatehpur,Rasulpanah,164058
Uttar Pradesh,Barabanki,Fatehpur,Rasulpur,164045
Uttar Pradesh,Barabanki,Fatehpur,Rasulpur Hetam,164113
Uttar Pradesh,Barabanki,Fatehpur,Rauza,164136
Uttar Pradesh,Barabanki,Fatehpur,Riwan,164101
Uttar Pradesh,Barabanki,Fatehpur,Roshanabad,163819
Uttar Pradesh,Barabanki,Fatehpur,Sabitapur,164139
Uttar Pradesh,Barabanki,Fatehpur,Sadrapur,163973
Uttar Pradesh,Barabanki,Fatehpur,Safipur,164107
Uttar Pradesh,Barabanki,Fatehpur,Saidapur,163928
Uttar Pradesh,Barabanki,Fatehpur,Sailak Jalalpur,164165
Uttar Pradesh,Barabanki,Fatehpur,Sainbasi,164099
Uttar Pradesh,Barabanki,Fatehpur,Sainder,163823
Uttar Pradesh,Barabanki,Fatehpur,Salemabad,163884
Uttar Pradesh,Barabanki,Fatehpur,Salempur,163949
Uttar Pradesh,Barabanki,Fatehpur,Salempur,164049
Uttar Pradesh,Barabanki,Fatehpur,Salhepur,163832
Uttar Pradesh,Barabanki,Fatehpur,Samnadih,164047
Uttar Pradesh,Barabanki,Fatehpur,Sandupur,164053
Uttar Pradesh,Barabanki,Fatehpur,Sangtara,163825
Uttar Pradesh,Barabanki,Fatehpur,Sanwarnde,163938
Uttar Pradesh,Barabanki,Fatehpur,Sarai Bheekh,164064
Uttar Pradesh,Barabanki,Fatehpur,Saraiya Daljit,163956
Uttar Pradesh,Barabanki,Fatehpur,Saraiya Futi,163959
Uttar Pradesh,Barabanki,Fatehpur,Saraiya Maqbool Nagar,164115
Uttar Pradesh,Barabanki,Fatehpur,Saraiya Modmitnagar,163957
Uttar Pradesh,Barabanki,Fatehpur,Saray Shahbad,163888
Uttar Pradesh,Barabanki,Fatehpur,Sarayan,164120
Uttar Pradesh,Barabanki,Fatehpur,Sarhemau,164029
Uttar Pradesh,Barabanki,Fatehpur,Sarsawa,163944
Uttar Pradesh,Barabanki,Fatehpur,Sarwa,164003
Uttar Pradesh,Barabanki,Fatehpur,Sarwan,163854
Uttar Pradesh,Barabanki,Fatehpur,Satmohni,164211
Uttar Pradesh,Barabanki,Fatehpur,Sauranga,163992
Uttar Pradesh,Barabanki,Fatehpur,Semri,163899
Uttar Pradesh,Barabanki,Fatehpur,Sewarewa,163969
Uttar Pradesh,Barabanki,Fatehpur,Shahpur,163967
Uttar Pradesh,Barabanki,Fatehpur,Shahpurbaskholia,163829
Uttar Pradesh,Barabanki,Fatehpur,Shaili Kiratpur,163955
Uttar Pradesh,Barabanki,Fatehpur,Shamshipur,164040
Uttar Pradesh,Barabanki,Fatehpur,Shekhanpur,164078
Uttar Pradesh,Barabanki,Fatehpur,Shekhpur Makhdoom,164046
Uttar Pradesh,Barabanki,Fatehpur,Shekhupur,164187
Uttar Pradesh,Barabanki,Fatehpur,Sheoli,164020
Uttar Pradesh,Barabanki,Fatehpur,Shivrajpur,164162
Uttar Pradesh,Barabanki,Fatehpur,Sigha,163996
Uttar Pradesh,Barabanki,Fatehpur,Sihali,164140
Uttar Pradesh,Barabanki,Fatehpur,Sikohana,164212
Uttar Pradesh,Barabanki,Fatehpur,Sirauli,163979
Uttar Pradesh,Barabanki,Fatehpur,Sirsaipur,163866
Uttar Pradesh,Barabanki,Fatehpur,Sohai,164204
Uttar Pradesh,Barabanki,Fatehpur,Sultanpur,163970
Uttar Pradesh,Barabanki,Fatehpur,Surjanpur,164179
Uttar Pradesh,Barabanki,Fatehpur,Tahirpur,163890
Uttar Pradesh,Barabanki,Fatehpur,Talgaow,163983
Uttar Pradesh,Barabanki,Fatehpur,Tanda,164185
Uttar Pradesh,Barabanki,Fatehpur,Tanda Nijamali,164103
Uttar Pradesh,Barabanki,Fatehpur,Tandwa,164085
Uttar Pradesh,Barabanki,Fatehpur,Tandwa Nankari,163953
Uttar Pradesh,Barabanki,Fatehpur,Tanwa,164167
Uttar Pradesh,Barabanki,Fatehpur,Tarawa,163935
Uttar Pradesh,Barabanki,Fatehpur,Tenwa,164163
Uttar Pradesh,Barabanki,Fatehpur,Terwa,164124
Uttar Pradesh,Barabanki,Fatehpur,Thakuramau,163922
Uttar Pradesh,Barabanki,Fatehpur,Thanaitpur,163961
Uttar Pradesh,Barabanki,Fatehpur,Tifra,163838
Uttar Pradesh,Barabanki,Fatehpur,Tikapur,164116
Uttar Pradesh,Barabanki,Fatehpur,Tikra,163853
Uttar Pradesh,Barabanki,Fatehpur,Tilran,164135
Uttar Pradesh,Barabanki,Fatehpur,Turkauli,164164
Uttar Pradesh,Barabanki,Fatehpur,Udapur,163822
Uttar Pradesh,Barabanki,Fatehpur,Udapur,163998
Uttar Pradesh,Barabanki,Fatehpur,Ujarwara,164038
Uttar Pradesh,Barabanki,Fatehpur,Umra,163926
Uttar Pradesh,Barabanki,Fatehpur,Umri,164181
Uttar Pradesh,Barabanki,Fatehpur,Utrawan,164194
Uttar Pradesh,Barabanki,Fatehpur,Vatia,164096
Uttar Pradesh,Barabanki,Fatehpur,Wojhiapur,163848
Uttar Pradesh,Barabanki,Fatehpur,Zindpur,163878
Uttar Pradesh,Barabanki,Haidergarh,Achkamau,165387
Uttar Pradesh,Barabanki,Haidergarh,Ahir Gaon,165595
Uttar Pradesh,Barabanki,Haidergarh,Ajawwa,165313
Uttar Pradesh,Barabanki,Haidergarh,Akhaiya Pur,165507
Uttar Pradesh,Barabanki,Haidergarh,Akohari,165446
Uttar Pradesh,Barabanki,Haidergarh,Ala Pur,165588
Uttar Pradesh,Barabanki,Haidergarh,Aladadpur,165497
Uttar Pradesh,Barabanki,Haidergarh,Alam Pur,165441
Uttar Pradesh,Barabanki,Haidergarh,Ali Pur,165430
Uttar Pradesh,Barabanki,Haidergarh,Aligarh,165349
Uttar Pradesh,Barabanki,Haidergarh,Almapur,165540
Uttar Pradesh,Barabanki,Haidergarh,Aluwa Mau,165317
Uttar Pradesh,Barabanki,Haidergarh,Amerwal Kirsia,165616
Uttar Pradesh,Barabanki,Haidergarh,Amseruwa,165367
Uttar Pradesh,Barabanki,Haidergarh,Andau Mau,165623
Uttar Pradesh,Barabanki,Haidergarh,Andka,165324
Uttar Pradesh,Barabanki,Haidergarh,Ansari,165638
Uttar Pradesh,Barabanki,Haidergarh,Aruai,165376
Uttar Pradesh,Barabanki,Haidergarh,Asada Mau,165303
Uttar Pradesh,Barabanki,Haidergarh,Asandra,165445
Uttar Pradesh,Barabanki,Haidergarh,Asauri,165407
Uttar Pradesh,Barabanki,Haidergarh,Ashrafpur,165488
Uttar Pradesh,Barabanki,Haidergarh,Atrauli,165364
Uttar Pradesh,Barabanki,Haidergarh,Baburiha,165431
Uttar Pradesh,Barabanki,Haidergarh,Babuwapur,165541
Uttar Pradesh,Barabanki,Haidergarh,Bahadur Pur,165288
Uttar Pradesh,Barabanki,Haidergarh,Bahadurpur,165542
Uttar Pradesh,Barabanki,Haidergarh,Baharamau,165613
Uttar Pradesh,Barabanki,Haidergarh,Bahram Pur,165626
Uttar Pradesh,Barabanki,Haidergarh,Bahrauli,165624
Uttar Pradesh,Barabanki,Haidergarh,Bahuta,165553
Uttar Pradesh,Barabanki,Haidergarh,Bakar Ganj,165343
Uttar Pradesh,Barabanki,Haidergarh,Balee Pur,165643
Uttar Pradesh,Barabanki,Haidergarh,Balhwa Pur,165644
Uttar Pradesh,Barabanki,Haidergarh,Bali Gerawan,165606
Uttar Pradesh,Barabanki,Haidergarh,Bali Pur,165654
Uttar Pradesh,Barabanki,Haidergarh,Ballasainkhera,165456
Uttar Pradesh,Barabanki,Haidergarh,Bambhaura Lodi,165334
Uttar Pradesh,Barabanki,Haidergarh,Bamhrauli Aima,165645
Uttar Pradesh,Barabanki,Haidergarh,Bara,165631
Uttar Pradesh,Barabanki,Haidergarh,Barawan,165577
Uttar Pradesh,Barabanki,Haidergarh,Barna Pur,165641
Uttar Pradesh,Barabanki,Haidergarh,Barwal,165526
Uttar Pradesh,Barabanki,Haidergarh,Basantpur,165418
Uttar Pradesh,Barabanki,Haidergarh,Basiya Mau,165287
Uttar Pradesh,Barabanki,Haidergarh,Bedahari,165438
Uttar Pradesh,Barabanki,Haidergarh,Behta,165570
Uttar Pradesh,Barabanki,Haidergarh,Belhri,165539
Uttar Pradesh,Barabanki,Haidergarh,Beraura,165528
Uttar Pradesh,Barabanki,Haidergarh,Bhagna,165452
Uttar Pradesh,Barabanki,Haidergarh,Bhairam Pur,165610
Uttar Pradesh,Barabanki,Haidergarh,Bharthai,165327
Uttar Pradesh,Barabanki,Haidergarh,Bhatgawan,165585
Uttar Pradesh,Barabanki,Haidergarh,Bhathiya,165447
Uttar Pradesh,Barabanki,Haidergarh,Bhatkhera,165639
Uttar Pradesh,Barabanki,Haidergarh,Bheriya,165434
Uttar Pradesh,Barabanki,Haidergarh,Bhetaura,165560
Uttar Pradesh,Barabanki,Haidergarh,Bhetaura Lakhan,165328
Uttar Pradesh,Barabanki,Haidergarh,Bhetmuwa,165618
Uttar Pradesh,Barabanki,Haidergarh,Bhikhanapur,165393
Uttar Pradesh,Barabanki,Haidergarh,Bhikhari Pur,165505
Uttar Pradesh,Barabanki,Haidergarh,Bhikhra,165609
Uttar Pradesh,Barabanki,Haidergarh,Bhilwal,165476
Uttar Pradesh,Barabanki,Haidergarh,Bhitri,165500
Uttar Pradesh,Barabanki,Haidergarh,Bhiyamau,165619
Uttar Pradesh,Barabanki,Haidergarh,Bhorai,165411
Uttar Pradesh,Barabanki,Haidergarh,Bhunai,165299
Uttar Pradesh,Barabanki,Haidergarh,Bibipur,165306
Uttar Pradesh,Barabanki,Haidergarh,Bibiyapur Thana,165409
Uttar Pradesh,Barabanki,Haidergarh,Bibya Pur Ghat,165413
Uttar Pradesh,Barabanki,Haidergarh,Bija Pur,165575
Uttar Pradesh,Barabanki,Haidergarh,Bijauli,165512
Uttar Pradesh,Barabanki,Haidergarh,Bimiya Mau,165348
Uttar Pradesh,Barabanki,Haidergarh,Bira Pur,165371
Uttar Pradesh,Barabanki,Haidergarh,Birampur,165494
Uttar Pradesh,Barabanki,Haidergarh,Budhnai,165398
Uttar Pradesh,Barabanki,Haidergarh,Burhnapur,165513
Uttar Pradesh,Barabanki,Haidergarh,Chakaura,165590
Uttar Pradesh,Barabanki,Haidergarh,Chakdoma,165655
Uttar Pradesh,Barabanki,Haidergarh,Chaktara,165428
Uttar Pradesh,Barabanki,Haidergarh,Chandrabhan Pur,165380
Uttar Pradesh,Barabanki,Haidergarh,Chandu Pur,165312
Uttar Pradesh,Barabanki,Haidergarh,Chaubeesi,165611
Uttar Pradesh,Barabanki,Haidergarh,Chhandrauli,165473
Uttar Pradesh,Barabanki,Haidergarh,Chhatauni,165338
Uttar Pradesh,Barabanki,Haidergarh,Chhataura,165385
Uttar Pradesh,Barabanki,Haidergarh,Chhula Pahi,165353
Uttar Pradesh,Barabanki,Haidergarh,Chiraiya,165656
Uttar Pradesh,Barabanki,Haidergarh,Dahila,165480
Uttar Pradesh,Barabanki,Haidergarh,Dalipur,165379
Uttar Pradesh,Barabanki,Haidergarh,Dandoopur,165557
Uttar Pradesh,Barabanki,Haidergarh,Dariya Pur,165294
Uttar Pradesh,Barabanki,Haidergarh,Datauli Chanda,165563
Uttar Pradesh,Barabanki,Haidergarh,Daudpur,165503
Uttar Pradesh,Barabanki,Haidergarh,Daulat Pur,165470
Uttar Pradesh,Barabanki,Haidergarh,Dayalganj,165551
Uttar Pradesh,Barabanki,Haidergarh,Deeen Panah,165351
Uttar Pradesh,Barabanki,Haidergarh,Dehwa,165545
Uttar Pradesh,Barabanki,Haidergarh,Deo Pura,165318
Uttar Pradesh,Barabanki,Haidergarh,Deogahna,165394
Uttar Pradesh,Barabanki,Haidergarh,Deokali,165329
Uttar Pradesh,Barabanki,Haidergarh,Deora Jhaliha,165443
Uttar Pradesh,Barabanki,Haidergarh,Deori,165450
Uttar Pradesh,Barabanki,Haidergarh,Devi Pur,165522
Uttar Pradesh,Barabanki,Haidergarh,Dhanaura,165347
Uttar Pradesh,Barabanki,Haidergarh,Dharauli,165552
Uttar Pradesh,Barabanki,Haidergarh,Dhaurahara,165484
Uttar Pradesh,Barabanki,Haidergarh,Dherha,165408
Uttar Pradesh,Barabanki,Haidergarh,Dheriha,165372
Uttar Pradesh,Barabanki,Haidergarh,Dighawan,165395
Uttar Pradesh,Barabanki,Haidergarh,Diha Rahim Pur,165331
Uttar Pradesh,Barabanki,Haidergarh,Dunauli,165429
Uttar Pradesh,Barabanki,Haidergarh,Dundipur,165478
Uttar Pradesh,Barabanki,Haidergarh,Duraundha,165363
Uttar Pradesh,Barabanki,Haidergarh,Durga Ganj,165518
Uttar Pradesh,Barabanki,Haidergarh,Fatehpur Jamurwan,165457
Uttar Pradesh,Barabanki,Haidergarh,Firozabad,165410
Uttar Pradesh,Barabanki,Haidergarh,Firozabad,165532
Uttar Pradesh,Barabanki,Haidergarh,Ganaharee,165525
Uttar Pradesh,Barabanki,Haidergarh,Ganeshpur,165550
Uttar Pradesh,Barabanki,Haidergarh,Ganga Pur,165479
Uttar Pradesh,Barabanki,Haidergarh,Gangwai Brahman,165345
Uttar Pradesh,Barabanki,Haidergarh,Gangwai Pathanan,165344
Uttar Pradesh,Barabanki,Haidergarh,Ganjariya,165392
Uttar Pradesh,Barabanki,Haidergarh,Garhi Arazi,165356
Uttar Pradesh,Barabanki,Haidergarh,Gaura,165558
Uttar Pradesh,Barabanki,Haidergarh,Gauri,165495
Uttar Pradesh,Barabanki,Haidergarh,Gaurwa Usmanpur,165509
Uttar Pradesh,Barabanki,Haidergarh,Gerawan,165605
Uttar Pradesh,Barabanki,Haidergarh,Gharkuiya,165621
Uttar Pradesh,Barabanki,Haidergarh,Gosiyamau,165580
Uttar Pradesh,Barabanki,Haidergarh,Gosupur,165629
Uttar Pradesh,Barabanki,Haidergarh,Gotauna,165632
Uttar Pradesh,Barabanki,Haidergarh,Haidergarh (Rural ),165635
Uttar Pradesh,Barabanki,Haidergarh,Harchand Pur,165602
Uttar Pradesh,Barabanki,Haidergarh,Harpalpur,165576
Uttar Pradesh,Barabanki,Haidergarh,Hasanpur,165531
Uttar Pradesh,Barabanki,Haidergarh,Hazipur Shyam Nagar,165332
Uttar Pradesh,Barabanki,Haidergarh,Himmat Pur,165311
Uttar Pradesh,Barabanki,Haidergarh,Husainabad,165489
Uttar Pradesh,Barabanki,Haidergarh,Husainpur,165375
Uttar Pradesh,Barabanki,Haidergarh,Ilichpur,165386
Uttar Pradesh,Barabanki,Haidergarh,Iliyas Pur,165464
Uttar Pradesh,Barabanki,Haidergarh,Inayatpur,165404
Uttar Pradesh,Barabanki,Haidergarh,Islam Pur,165599
Uttar Pradesh,Barabanki,Haidergarh,Ismailpur,165584
Uttar Pradesh,Barabanki,Haidergarh,Israuli Sari,165315
Uttar Pradesh,Barabanki,Haidergarh,Jagannathpur,165521
Uttar Pradesh,Barabanki,Haidergarh,Jagat Khera,165490
Uttar Pradesh,Barabanki,Haidergarh,Jahanpur,165458
Uttar Pradesh,Barabanki,Haidergarh,Jaichand Pur,165326
Uttar Pradesh,Barabanki,Haidergarh,Jalal Pur,165426
Uttar Pradesh,Barabanki,Haidergarh,Jalal Pur,165652
Uttar Pradesh,Barabanki,Haidergarh,Jalalpur,165514
Uttar Pradesh,Barabanki,Haidergarh,Jamla Pur,165342
Uttar Pradesh,Barabanki,Haidergarh,Jar Mau,165651
Uttar Pradesh,Barabanki,Haidergarh,Jarauli,165492
Uttar Pradesh,Barabanki,Haidergarh,Jargawan,165436
Uttar Pradesh,Barabanki,Haidergarh,Jase Pur,165637
Uttar Pradesh,Barabanki,Haidergarh,Jaskapur,165501
Uttar Pradesh,Barabanki,Haidergarh,Jauras,165466
Uttar Pradesh,Barabanki,Haidergarh,Jiyanpur,165442
Uttar Pradesh,Barabanki,Haidergarh,Jondhi,165573
Uttar Pradesh,Barabanki,Haidergarh,Kabool Pur,165463
Uttar Pradesh,Barabanki,Haidergarh,Kadirpur,165427
Uttar Pradesh,Barabanki,Haidergarh,Kakri,165506
Uttar Pradesh,Barabanki,Haidergarh,Kala Pur,165316
Uttar Pradesh,Barabanki,Haidergarh,Kalyan Pur,165640
Uttar Pradesh,Barabanki,Haidergarh,Kamala Pur,165293
Uttar Pradesh,Barabanki,Haidergarh,Kamela,165583
Uttar Pradesh,Barabanki,Haidergarh,Kandoopur,165459
Uttar Pradesh,Barabanki,Haidergarh,Kanhipur,165508
Uttar Pradesh,Barabanki,Haidergarh,Kanhwa Pur,165358
Uttar Pradesh,Barabanki,Haidergarh,Kanwa,165636
Uttar Pradesh,Barabanki,Haidergarh,Karaundi,165630
Uttar Pradesh,Barabanki,Haidergarh,Karme Mau,165471
Uttar Pradesh,Barabanki,Haidergarh,Kasba,165423
Uttar Pradesh,Barabanki,Haidergarh,Kazipur,165543
Uttar Pradesh,Barabanki,Haidergarh,Khaira Kankoo,165523
Uttar Pradesh,Barabanki,Haidergarh,Khairabeeru,165520
Uttar Pradesh,Barabanki,Haidergarh,Khan Pur,165477
Uttar Pradesh,Barabanki,Haidergarh,Khana Pur,165285
Uttar Pradesh,Barabanki,Haidergarh,Khanpur,165581
Uttar Pradesh,Barabanki,Haidergarh,Khapraicha,165360
Uttar Pradesh,Barabanki,Haidergarh,Kharsotia,165628
Uttar Pradesh,Barabanki,Haidergarh,Khemi Pur,165493
Uttar Pradesh,Barabanki,Haidergarh,Khwaja Pur,165296
Uttar Pradesh,Barabanki,Haidergarh,Khwajapur,165377
Uttar Pradesh,Barabanki,Haidergarh,Khwajapur,165482
Uttar Pradesh,Barabanki,Haidergarh,Kolahada,165534
Uttar Pradesh,Barabanki,Haidergarh,Kolwa,165617
Uttar Pradesh,Barabanki,Haidergarh,Kopwa,165322
Uttar Pradesh,Barabanki,Haidergarh,Kothi,165388
Uttar Pradesh,Barabanki,Haidergarh,Kotwa,165402
Uttar Pradesh,Barabanki,Haidergarh,Kudna Pur,165335
Uttar Pradesh,Barabanki,Haidergarh,Kumrhrawan,165391
Uttar Pradesh,Barabanki,Haidergarh,Kundwa,165603
Uttar Pradesh,Barabanki,Haidergarh,Kusmbhi,165420
Uttar Pradesh,Barabanki,Haidergarh,Kutrba Pur,165295
Uttar Pradesh,Barabanki,Haidergarh,Lachhman Garh,165536
Uttar Pradesh,Barabanki,Haidergarh,Lahi,165556
Uttar Pradesh,Barabanki,Haidergarh,Lakhaura,165467
Uttar Pradesh,Barabanki,Haidergarh,Lakhna Pur,165330
Uttar Pradesh,Barabanki,Haidergarh,Lakhoopur,165403
Uttar Pradesh,Barabanki,Haidergarh,Lallhaura,165634
Uttar Pradesh,Barabanki,Haidergarh,Loha Purwa,165346
Uttar Pradesh,Barabanki,Haidergarh,Lohar Pur,165337
Uttar Pradesh,Barabanki,Haidergarh,Madarpur Ambar Singh,165341
Uttar Pradesh,Barabanki,Haidergarh,Madarpur Bahadursingh,165401
Uttar Pradesh,Barabanki,Haidergarh,Madarpur Rosanjamakhan,165389
Uttar Pradesh,Barabanki,Haidergarh,Madnapur,165504
Uttar Pradesh,Barabanki,Haidergarh,Maharaj Pur,165615
Uttar Pradesh,Barabanki,Haidergarh,Majhgawan,165548
Uttar Pradesh,Barabanki,Haidergarh,Majhiyawan,165390
Uttar Pradesh,Barabanki,Haidergarh,Makan Pur,165475
Uttar Pradesh,Barabanki,Haidergarh,Malhauli,165362
Uttar Pradesh,Barabanki,Haidergarh,Malin Pur,165622
Uttar Pradesh,Barabanki,Haidergarh,Mamrakha Pur,165361
Uttar Pradesh,Barabanki,Haidergarh,Mandu Pur,165308
Uttar Pradesh,Barabanki,Haidergarh,Mangauwa,165649
Uttar Pradesh,Barabanki,Haidergarh,Manjhar,165468
Uttar Pradesh,Barabanki,Haidergarh,Manjhupur,165516
Uttar Pradesh,Barabanki,Haidergarh,Manodharpur,165529
Uttar Pradesh,Barabanki,Haidergarh,Manorath Pur,165333
Uttar Pradesh,Barabanki,Haidergarh,Mansara,165425
Uttar Pradesh,Barabanki,Haidergarh,Maruai,165614
Uttar Pradesh,Barabanki,Haidergarh,Marufpur,165485
Uttar Pradesh,Barabanki,Haidergarh,Maulabad,165469
Uttar Pradesh,Barabanki,Haidergarh,Mawaiya Kalan,165547
Uttar Pradesh,Barabanki,Haidergarh,Mawaiya Khurd,165546
Uttar Pradesh,Barabanki,Haidergarh,Meera Nagar,165422
Uttar Pradesh,Barabanki,Haidergarh,Meera Pur,165417
Uttar Pradesh,Barabanki,Haidergarh,Mehndia,165647
Uttar Pradesh,Barabanki,Haidergarh,Menahuwa,165432
Uttar Pradesh,Barabanki,Haidergarh,Mirchiya,165449
Uttar Pradesh,Barabanki,Haidergarh,Mirza Pur,165354
Uttar Pradesh,Barabanki,Haidergarh,Mohabbat Pur,165290
Uttar Pradesh,Barabanki,Haidergarh,Mohammad Pur Chandi Singh,165355
Uttar Pradesh,Barabanki,Haidergarh,Mohammadpur,165487
Uttar Pradesh,Barabanki,Haidergarh,Mohammadpur,165578
Uttar Pradesh,Barabanki,Haidergarh,Mohammadpur Husainbux,165399
Uttar Pradesh,Barabanki,Haidergarh,Motikpur,165453
Uttar Pradesh,Barabanki,Haidergarh,Mubarakpur,165498
Uttar Pradesh,Barabanki,Haidergarh,Muhiuddin Sarai,165591
Uttar Pradesh,Barabanki,Haidergarh,Muhiuddinpur,165383
Uttar Pradesh,Barabanki,Haidergarh,Muntaji Pur,165323
Uttar Pradesh,Barabanki,Haidergarh,Murli Ganj,165320
Uttar Pradesh,Barabanki,Haidergarh,Mustafa Bad,165593
Uttar Pradesh,Barabanki,Haidergarh,Naipura,165564
Uttar Pradesh,Barabanki,Haidergarh,Nakta Saheria,165291
Uttar Pradesh,Barabanki,Haidergarh,Narainpur,165533
Uttar Pradesh,Barabanki,Haidergarh,Narauli,165574
Uttar Pradesh,Barabanki,Haidergarh,Nardahi,165524
Uttar Pradesh,Barabanki,Haidergarh,Narendrapur Madraha,165496
Uttar Pradesh,Barabanki,Haidergarh,Naseer Pur,165397
Uttar Pradesh,Barabanki,Haidergarh,Nawab Pur Kondri,165321
Uttar Pradesh,Barabanki,Haidergarh,Neochhana,165339
Uttar Pradesh,Barabanki,Haidergarh,Noora Pur,165302
Uttar Pradesh,Barabanki,Haidergarh,Olhey Pur,165483
Uttar Pradesh,Barabanki,Haidergarh,Pachhim Belawn,165421
Uttar Pradesh,Barabanki,Haidergarh,Padum Pur,165648
Uttar Pradesh,Barabanki,Haidergarh,Pagamber Pur,165474
Uttar Pradesh,Barabanki,Haidergarh,Pahala,165416
Uttar Pradesh,Barabanki,Haidergarh,Pahar Pur,165511
Uttar Pradesh,Barabanki,Haidergarh,Paharapur Ghat,165292
Uttar Pradesh,Barabanki,Haidergarh,Paharapur Khas,165301
Uttar Pradesh,Barabanki,Haidergarh,Paikoli,165454
Uttar Pradesh,Barabanki,Haidergarh,Palauli,165433
Uttar Pradesh,Barabanki,Haidergarh,Paliya,165597
Uttar Pradesh,Barabanki,Haidergarh,Pandrawan,165369
Uttar Pradesh,Barabanki,Haidergarh,Para Ibrahim,165336
Uttar Pradesh,Barabanki,Haidergarh,Pariwan,165455
Uttar Pradesh,Barabanki,Haidergarh,Pathar Purwa,165305
Uttar Pradesh,Barabanki,Haidergarh,Patti Ajmal,165414
Uttar Pradesh,Barabanki,Haidergarh,Patti Saiyad,165448
Uttar Pradesh,Barabanki,Haidergarh,Pattiyaqub,165481
Uttar Pradesh,Barabanki,Haidergarh,Pecharuwa,165627
Uttar Pradesh,Barabanki,Haidergarh,Pichurinikamat,165582
Uttar Pradesh,Barabanki,Haidergarh,Piprakhera,165554
Uttar Pradesh,Barabanki,Haidergarh,Pipree Har,165419
Uttar Pradesh,Barabanki,Haidergarh,Pokhra,165549
Uttar Pradesh,Barabanki,Haidergarh,Purab Belwan,165424
Uttar Pradesh,Barabanki,Haidergarh,Pure Jamadar,165368
Uttar Pradesh,Barabanki,Haidergarh,Pure Pandit,165370
Uttar Pradesh,Barabanki,Haidergarh,Pure Rudra,165300
Uttar Pradesh,Barabanki,Haidergarh,Purechadraman,165451
Uttar Pradesh,Barabanki,Haidergarh,Puredevi Das,165517
Uttar Pradesh,Barabanki,Haidergarh,Rabrahiya,165527
Uttar Pradesh,Barabanki,Haidergarh,Raghau Pur,165462
Uttar Pradesh,Barabanki,Haidergarh,Rai Pur,165352
Uttar Pradesh,Barabanki,Haidergarh,Raisanda,165366
Uttar Pradesh,Barabanki,Haidergarh,Raksaha,165612
Uttar Pradesh,Barabanki,Haidergarh,Ram Nagar,165537
Uttar Pradesh,Barabanki,Haidergarh,Ram Pur,165598
Uttar Pradesh,Barabanki,Haidergarh,Rambhi,165535
Uttar Pradesh,Barabanki,Haidergarh,Rami Pur,165491
Uttar Pradesh,Barabanki,Haidergarh,Rana Pur,165633
Uttar Pradesh,Barabanki,Haidergarh,Rani Pur,165565
Uttar Pradesh,Barabanki,Haidergarh,Rasul Pur,165307
Uttar Pradesh,Barabanki,Haidergarh,Rasulabad Bhathiya,165412
Uttar Pradesh,Barabanki,Haidergarh,Rasulabad Bihari Pur,165309
Uttar Pradesh,Barabanki,Haidergarh,Ratauli,165604
Uttar Pradesh,Barabanki,Haidergarh,Rauli,165642
Uttar Pradesh,Barabanki,Haidergarh,Rauni,165502
Uttar Pradesh,Barabanki,Haidergarh,Rehura,165592
Uttar Pradesh,Barabanki,Haidergarh,Rithi Sikandarpur,165620
Uttar Pradesh,Barabanki,Haidergarh,Rohana Mirapur,165601
Uttar Pradesh,Barabanki,Haidergarh,Rukunuddinpur,165571
Uttar Pradesh,Barabanki,Haidergarh,Sadruddin Pur,165460
Uttar Pradesh,Barabanki,Haidergarh,Sadulla Pur,165297
Uttar Pradesh,Barabanki,Haidergarh,Sadullapur,165530
Uttar Pradesh,Barabanki,Haidergarh,Sahawar,165555
Uttar Pradesh,Barabanki,Haidergarh,Saidan Pur,165289
Uttar Pradesh,Barabanki,Haidergarh,Saidpur Purai,165374
Uttar Pradesh,Barabanki,Haidergarh,Sala Bhari,165340
Uttar Pradesh,Barabanki,Haidergarh,Salpur,165567
Uttar Pradesh,Barabanki,Haidergarh,Sandi Dih,165325
Uttar Pradesh,Barabanki,Haidergarh,Sandwa,165586
Uttar Pradesh,Barabanki,Haidergarh,Sangara Tayab,165440
Uttar Pradesh,Barabanki,Haidergarh,Sangaura Saiyadkhan,165439
Uttar Pradesh,Barabanki,Haidergarh,Sansara,165568
Uttar Pradesh,Barabanki,Haidergarh,Santoshpur,165561
Uttar Pradesh,Barabanki,Haidergarh,Sarai Banpukar,165608
Uttar Pradesh,Barabanki,Haidergarh,Sarai Belahri,165286
Uttar Pradesh,Barabanki,Haidergarh,Sarai Chaubey,165607
Uttar Pradesh,Barabanki,Haidergarh,Sarai Gopi,165653
Uttar Pradesh,Barabanki,Haidergarh,Sarai Mandoo,165396
Uttar Pradesh,Barabanki,Haidergarh,Sarai Manik,165587
Uttar Pradesh,Barabanki,Haidergarh,Sarai Meer,165405
Uttar Pradesh,Barabanki,Haidergarh,Sarai Muhuddin Pur,165310
Uttar Pradesh,Barabanki,Haidergarh,Sarai Najar,165400
Uttar Pradesh,Barabanki,Haidergarh,Sarai Nirhoo,165569
Uttar Pradesh,Barabanki,Haidergarh,Sarai Pandey,165461
Uttar Pradesh,Barabanki,Haidergarh,Sarai Purkhoo,165314
Uttar Pradesh,Barabanki,Haidergarh,Sarai Salim,165435
Uttar Pradesh,Barabanki,Haidergarh,Sarairawat,165559
Uttar Pradesh,Barabanki,Haidergarh,Satrahi,165625
Uttar Pradesh,Barabanki,Haidergarh,Semrawan,165373
Uttar Pradesh,Barabanki,Haidergarh,Semri,165415
Uttar Pradesh,Barabanki,Haidergarh,Sersa,165378
Uttar Pradesh,Barabanki,Haidergarh,Shah Pur,165384
Uttar Pradesh,Barabanki,Haidergarh,Shahpur,165544
Uttar Pradesh,Barabanki,Haidergarh,Shahpur Sidwi,165472
Uttar Pradesh,Barabanki,Haidergarh,Sharifabad,165589
Uttar Pradesh,Barabanki,Haidergarh,Shekh Pur Hakim,165319
Uttar Pradesh,Barabanki,Haidergarh,Shekhpur Jahidali,165444
Uttar Pradesh,Barabanki,Haidergarh,Shiv Nam,165465
Uttar Pradesh,Barabanki,Haidergarh,Shivrajpur,165572
Uttar Pradesh,Barabanki,Haidergarh,Shukul Pur,165650
Uttar Pradesh,Barabanki,Haidergarh,Sidhaur (Gramin),165350
Uttar Pradesh,Barabanki,Haidergarh,Sindhiyawan,165600
Uttar Pradesh,Barabanki,Haidergarh,Sithumau,165566
Uttar Pradesh,Barabanki,Haidergarh,Sonikpur,165538
Uttar Pradesh,Barabanki,Haidergarh,Subeha Khas,940029
Uttar Pradesh,Barabanki,Haidergarh,Suhawan,165304
Uttar Pradesh,Barabanki,Haidergarh,Sumbha,165519
Uttar Pradesh,Barabanki,Haidergarh,Suswai,165357
Uttar Pradesh,Barabanki,Haidergarh,Tejwa Pur,165499
Uttar Pradesh,Barabanki,Haidergarh,Tendwa,165382
Uttar Pradesh,Barabanki,Haidergarh,Thakurpur,165510
Uttar Pradesh,Barabanki,Haidergarh,Thalwara,165579
Uttar Pradesh,Barabanki,Haidergarh,Thanpur,165562
Uttar Pradesh,Barabanki,Haidergarh,Tikariya,165365
Uttar Pradesh,Barabanki,Haidergarh,Tikariya Chand,165437
Uttar Pradesh,Barabanki,Haidergarh,Tikrahuwan,165646
Uttar Pradesh,Barabanki,Haidergarh,Tilsia,165359
Uttar Pradesh,Barabanki,Haidergarh,Trivediganj,165515
Uttar Pradesh,Barabanki,Haidergarh,Tuniha,165406
Uttar Pradesh,Barabanki,Haidergarh,Uchita,165381
Uttar Pradesh,Barabanki,Haidergarh,Usman Pur,165298
Uttar Pradesh,Barabanki,Haidergarh,Usman Pur,165486
Uttar Pradesh,Barabanki,Haidergarh,Walipur,165596
Uttar Pradesh,Barabanki,Haidergarh,Zamin Husainabad,165594
Uttar Pradesh,Barabanki,Nawabganj,Abdulla Pur,164751
Uttar Pradesh,Barabanki,Nawabganj,Adam Pur,164810
Uttar Pradesh,Barabanki,Nawabganj,Adam Pur Bhatpurwa,164730
Uttar Pradesh,Barabanki,Nawabganj,Ajgana,164499
Uttar Pradesh,Barabanki,Nawabganj,Ajpura,164770
Uttar Pradesh,Barabanki,Nawabganj,Akan Pur,164752
Uttar Pradesh,Barabanki,Nawabganj,Akbar Pur,164830
Uttar Pradesh,Barabanki,Nawabganj,Akhitiyar Pur,164678
Uttar Pradesh,Barabanki,Nawabganj,Alampur Gayaspur,164675
Uttar Pradesh,Barabanki,Nawabganj,Alipur,164553
Uttar Pradesh,Barabanki,Nawabganj,Ambaur,164839
Uttar Pradesh,Barabanki,Nawabganj,Amdaha,164782
Uttar Pradesh,Barabanki,Nawabganj,Ankha,164777
Uttar Pradesh,Barabanki,Nawabganj,Aseni,164645
Uttar Pradesh,Barabanki,Nawabganj,Atrauli,164715
Uttar Pradesh,Barabanki,Nawabganj,Atvatmau,164524
Uttar Pradesh,Barabanki,Nawabganj,Atwa,164612
Uttar Pradesh,Barabanki,Nawabganj,Aurangabad,164604
Uttar Pradesh,Barabanki,Nawabganj,Ayaj Nagar,164746
Uttar Pradesh,Barabanki,Nawabganj,Azizabad,164493
Uttar Pradesh,Barabanki,Nawabganj,Babura Bandh,164750
Uttar Pradesh,Barabanki,Nawabganj,Baburi Gaon,164543
Uttar Pradesh,Barabanki,Nawabganj,Bada Pur,164686
Uttar Pradesh,Barabanki,Nawabganj,Badi Pur,164729
Uttar Pradesh,Barabanki,Nawabganj,Baghaura,164837
Uttar Pradesh,Barabanki,Nawabganj,Bahadur Pur,164624
Uttar Pradesh,Barabanki,Nawabganj,Bahlolpur,164674
Uttar Pradesh,Barabanki,Nawabganj,Balchhat,164748
Uttar Pradesh,Barabanki,Nawabganj,Bandagi Pur,164687
Uttar Pradesh,Barabanki,Nawabganj,Banki (Dehat ),164605
Uttar Pradesh,Barabanki,Nawabganj,Bansa,164788
Uttar Pradesh,Barabanki,Nawabganj,Banwan,164627
Uttar Pradesh,Barabanki,Nawabganj,Bara Gaon,164794
Uttar Pradesh,Barabanki,Nawabganj,Barauli,164664
Uttar Pradesh,Barabanki,Nawabganj,Barauli Malik,164723
Uttar Pradesh,Barabanki,Nawabganj,Barayan,164760
Uttar Pradesh,Barabanki,Nawabganj,Barehta,164756
Uttar Pradesh,Barabanki,Nawabganj,Barel (CT),164845
Uttar Pradesh,Barabanki,Nawabganj,Barethi,164573
Uttar Pradesh,Barabanki,Nawabganj,Barvas,164491
Uttar Pradesh,Barabanki,Nawabganj,Barvasauli,164709
Uttar Pradesh,Barabanki,Nawabganj,Basti,164582
Uttar Pradesh,Barabanki,Nawabganj,Beeje Mau,164656
Uttar Pradesh,Barabanki,Nawabganj,Behata chak jairamdas,164460
Uttar Pradesh,Barabanki,Nawabganj,Behta,164803
Uttar Pradesh,Barabanki,Nawabganj,Beri,164842
Uttar Pradesh,Barabanki,Nawabganj,Bhagwanpur,164693
Uttar Pradesh,Barabanki,Nawabganj,Bhan Mau,164728
Uttar Pradesh,Barabanki,Nawabganj,Bhanauli,164638
Uttar Pradesh,Barabanki,Nawabganj,Bhatehata,164508
Uttar Pradesh,Barabanki,Nawabganj,Bhayara,164779
Uttar Pradesh,Barabanki,Nawabganj,Bhitauli Kalan,164654
Uttar Pradesh,Barabanki,Nawabganj,Bhitauli Khurd,164533
Uttar Pradesh,Barabanki,Nawabganj,Bhitura,164598
Uttar Pradesh,Barabanki,Nawabganj,Bhuhera,164597
Uttar Pradesh,Barabanki,Nawabganj,Bichhlanga,164602
Uttar Pradesh,Barabanki,Nawabganj,Bikar,164503
Uttar Pradesh,Barabanki,Nawabganj,Birauli,164809
Uttar Pradesh,Barabanki,Nawabganj,Boja,164705
Uttar Pradesh,Barabanki,Nawabganj,Budhwara,164812
Uttar Pradesh,Barabanki,Nawabganj,Chachenda,164565
Uttar Pradesh,Barabanki,Nawabganj,Chacherva,164613
Uttar Pradesh,Barabanki,Nawabganj,Chak Jafar Nagar,164744
Uttar Pradesh,Barabanki,Nawabganj,Chakreemabad,164538
Uttar Pradesh,Barabanki,Nawabganj,Chaksar,164742
Uttar Pradesh,Barabanki,Nawabganj,Chandauli,164547
Uttar Pradesh,Barabanki,Nawabganj,Chandauli,164706
Uttar Pradesh,Barabanki,Nawabganj,Chandwara,164806
Uttar Pradesh,Barabanki,Nawabganj,Chhatenagarhi,164579
Uttar Pradesh,Barabanki,Nawabganj,Chheda Nagar,164634
Uttar Pradesh,Barabanki,Nawabganj,Chhulaha,164773
Uttar Pradesh,Barabanki,Nawabganj,Chilauki,164829
Uttar Pradesh,Barabanki,Nawabganj,Chiyara,164733
Uttar Pradesh,Barabanki,Nawabganj,Dadra,164825
Uttar Pradesh,Barabanki,Nawabganj,Dallookhera,164663
Uttar Pradesh,Barabanki,Nawabganj,Damaura,164823
Uttar Pradesh,Barabanki,Nawabganj,Danialpur,164586
Uttar Pradesh,Barabanki,Nawabganj,Dara Pur,164647
Uttar Pradesh,Barabanki,Nawabganj,Darav Pur,164726
Uttar Pradesh,Barabanki,Nawabganj,Darhara,164626
Uttar Pradesh,Barabanki,Nawabganj,Daud Pur,164648
Uttar Pradesh,Barabanki,Nawabganj,Daudpur,164471
Uttar Pradesh,Barabanki,Nawabganj,Daulat Pur,164710
Uttar Pradesh,Barabanki,Nawabganj,Daulat Pur,164755
Uttar Pradesh,Barabanki,Nawabganj,Daurhara,164557
Uttar Pradesh,Barabanki,Nawabganj,Dehva,164699
Uttar Pradesh,Barabanki,Nawabganj,Deokalia,164789
Uttar Pradesh,Barabanki,Nawabganj,Devgaon,164498
Uttar Pradesh,Barabanki,Nawabganj,Devkalia,164497
Uttar Pradesh,Barabanki,Nawabganj,Dewan,164515
Uttar Pradesh,Barabanki,Nawabganj,Dhakauli (CT),164843
Uttar Pradesh,Barabanki,Nawabganj,Dharampur,164474
Uttar Pradesh,Barabanki,Nawabganj,Dharauli,164796
Uttar Pradesh,Barabanki,Nawabganj,Dharsanda,164526
Uttar Pradesh,Barabanki,Nawabganj,Dharsania,164599
Uttar Pradesh,Barabanki,Nawabganj,Dhaurahara,164747
Uttar Pradesh,Barabanki,Nawabganj,Dhaurmau,164563
Uttar Pradesh,Barabanki,Nawabganj,Dhidhora,164489
Uttar Pradesh,Barabanki,Nawabganj,Dulhipur,164623
Uttar Pradesh,Barabanki,Nawabganj,Faizulla Ganj,164629
Uttar Pradesh,Barabanki,Nawabganj,Fatehpur Khatibahar,164492
Uttar Pradesh,Barabanki,Nawabganj,Fatehsaray,164618
Uttar Pradesh,Barabanki,Nawabganj,Gadai Pur,164771
Uttar Pradesh,Barabanki,Nawabganj,Gadia,164595
Uttar Pradesh,Barabanki,Nawabganj,Galha Mau,164688
Uttar Pradesh,Barabanki,Nawabganj,Ganaura,164594
Uttar Pradesh,Barabanki,Nawabganj,Gangvara,164517
Uttar Pradesh,Barabanki,Nawabganj,Garhi Rakhmau,164766
Uttar Pradesh,Barabanki,Nawabganj,Gauriya,164548
Uttar Pradesh,Barabanki,Nawabganj,Gaursadikpur,164512
Uttar Pradesh,Barabanki,Nawabganj,Gehendavar,164680
Uttar Pradesh,Barabanki,Nawabganj,Gochheera,164717
Uttar Pradesh,Barabanki,Nawabganj,Godari,164835
Uttar Pradesh,Barabanki,Nawabganj,Godha,164496
Uttar Pradesh,Barabanki,Nawabganj,Gokul Pur,164644
Uttar Pradesh,Barabanki,Nawabganj,Gopalpur,164522
Uttar Pradesh,Barabanki,Nawabganj,Gothia,164767
Uttar Pradesh,Barabanki,Nawabganj,Gotva Guari,164802
Uttar Pradesh,Barabanki,Nawabganj,Gulariha,164763
Uttar Pradesh,Barabanki,Nawabganj,Gurela,164813
Uttar Pradesh,Barabanki,Nawabganj,Hadaura,164570
Uttar Pradesh,Barabanki,Nawabganj,Handori,164576
Uttar Pradesh,Barabanki,Nawabganj,Hansemau,164601
Uttar Pradesh,Barabanki,Nawabganj,Harakh,164685
Uttar Pradesh,Barabanki,Nawabganj,Hari Pur,164811
Uttar Pradesh,Barabanki,Nawabganj,Harrai,164463
Uttar Pradesh,Barabanki,Nawabganj,Hazi Kazipur,164532
Uttar Pradesh,Barabanki,Nawabganj,Heerpur,164479
Uttar Pradesh,Barabanki,Nawabganj,Hetam Pur,164778
Uttar Pradesh,Barabanki,Nawabganj,Husenmau,164536
Uttar Pradesh,Barabanki,Nawabganj,Ibraheembad,164745
Uttar Pradesh,Barabanki,Nawabganj,Ibrahimpur Kala,164529
Uttar Pradesh,Barabanki,Nawabganj,Ibrahimpur khurd,164461
Uttar Pradesh,Barabanki,Nawabganj,Ichaulia,164826
Uttar Pradesh,Barabanki,Nawabganj,Inamipur,164637
Uttar Pradesh,Barabanki,Nawabganj,Inayatpur,164527
Uttar Pradesh,Barabanki,Nawabganj,Ingholia,164832
Uttar Pradesh,Barabanki,Nawabganj,Ismailpur,164523
Uttar Pradesh,Barabanki,Nawabganj,Israuli Seth,164754
Uttar Pradesh,Barabanki,Nawabganj,Isrehna,164510
Uttar Pradesh,Barabanki,Nawabganj,Jabri Kala,164564
Uttar Pradesh,Barabanki,Nawabganj,Jabri Khurd,164554
Uttar Pradesh,Barabanki,Nawabganj,Jafar Pur,164651
Uttar Pradesh,Barabanki,Nawabganj,Jahangeerabad,164615
Uttar Pradesh,Barabanki,Nawabganj,Jaidpur (Dehat ),164764
Uttar Pradesh,Barabanki,Nawabganj,Jainabad,164721
Uttar Pradesh,Barabanki,Nawabganj,Jalapur,164824
Uttar Pradesh,Barabanki,Nawabganj,Jamunia Deeh,164714
Uttar Pradesh,Barabanki,Nawabganj,Jamwasi,164560
Uttar Pradesh,Barabanki,Nawabganj,Jarahara,164636
Uttar Pradesh,Barabanki,Nawabganj,Jarma Pur,164722
Uttar Pradesh,Barabanki,Nawabganj,Jashanwara,164516
Uttar Pradesh,Barabanki,Nawabganj,Jasmanda,164593
Uttar Pradesh,Barabanki,Nawabganj,Jata,164665
Uttar Pradesh,Barabanki,Nawabganj,Jheejhe Mau,164681
Uttar Pradesh,Barabanki,Nawabganj,Jinholi,164609
Uttar Pradesh,Barabanki,Nawabganj,Jinsi Khanwar,164519
Uttar Pradesh,Barabanki,Nawabganj,Jiynpur,164505
Uttar Pradesh,Barabanki,Nawabganj,Jolia Banaraspur,164495
Uttar Pradesh,Barabanki,Nawabganj,Jyori,164785
Uttar Pradesh,Barabanki,Nawabganj,Kaima,164468
Uttar Pradesh,Barabanki,Nawabganj,Kaimai,164478
Uttar Pradesh,Barabanki,Nawabganj,Kaithi,164569
Uttar Pradesh,Barabanki,Nawabganj,Kamar Pur,164653
Uttar Pradesh,Barabanki,Nawabganj,Kamravan,164643
Uttar Pradesh,Barabanki,Nawabganj,Kanjwara,164511
Uttar Pradesh,Barabanki,Nawabganj,Karand,164791
Uttar Pradesh,Barabanki,Nawabganj,Karaunda,164550
Uttar Pradesh,Barabanki,Nawabganj,Karaundi Kalan,164690
Uttar Pradesh,Barabanki,Nawabganj,Karaundi Khurd,164689
Uttar Pradesh,Barabanki,Nawabganj,Kareemabad Malauli,164740
Uttar Pradesh,Barabanki,Nawabganj,Karkha,164652
Uttar Pradesh,Barabanki,Nawabganj,Karpia,164808
Uttar Pradesh,Barabanki,Nawabganj,Kasimganj,164488
Uttar Pradesh,Barabanki,Nawabganj,Katra,164815
Uttar Pradesh,Barabanki,Nawabganj,Kayampur,164534
Uttar Pradesh,Barabanki,Nawabganj,Kesaruva,164572
Uttar Pradesh,Barabanki,Nawabganj,Kewari,164587
Uttar Pradesh,Barabanki,Nawabganj,Khajuriha,164768
Uttar Pradesh,Barabanki,Nawabganj,Khamaria,164583
Uttar Pradesh,Barabanki,Nawabganj,Khan Pur,164741
Uttar Pradesh,Barabanki,Nawabganj,Khanwaha,164462
Uttar Pradesh,Barabanki,Nawabganj,Kharehta,164481
Uttar Pradesh,Barabanki,Nawabganj,Khasparia,164585
Uttar Pradesh,Barabanki,Nawabganj,Khazoor Gaon,164574
Uttar Pradesh,Barabanki,Nawabganj,Kheoli,164540
Uttar Pradesh,Barabanki,Nawabganj,Kheria,164458
Uttar Pradesh,Barabanki,Nawabganj,Khijirpur Inayatpur,164500
Uttar Pradesh,Barabanki,Nawabganj,Kola Gahbadi,164708
Uttar Pradesh,Barabanki,Nawabganj,Konagaon,164537
Uttar Pradesh,Barabanki,Nawabganj,Kondari,164494
Uttar Pradesh,Barabanki,Nawabganj,Kondarmau,164606
Uttar Pradesh,Barabanki,Nawabganj,Kothi deeh,164608
Uttar Pradesh,Barabanki,Nawabganj,Kotva,164781
Uttar Pradesh,Barabanki,Nawabganj,Kotwa Kalan,164484
Uttar Pradesh,Barabanki,Nawabganj,Kumhar Pur,164455
Uttar Pradesh,Barabanki,Nawabganj,Kumhraura,164592
Uttar Pradesh,Barabanki,Nawabganj,Kurauli,164610
Uttar Pradesh,Barabanki,Nawabganj,Kurkhila,164531
Uttar Pradesh,Barabanki,Nawabganj,Kusumma,164502
Uttar Pradesh,Barabanki,Nawabganj,Lakhaicha,164659
Uttar Pradesh,Barabanki,Nawabganj,Lakhiyapur,164724
Uttar Pradesh,Barabanki,Nawabganj,Lakshmanpur,164672
Uttar Pradesh,Barabanki,Nawabganj,Lakshvar Vajaha,164816
Uttar Pradesh,Barabanki,Nawabganj,Lalpur,164470
Uttar Pradesh,Barabanki,Nawabganj,Machauchi,164758
Uttar Pradesh,Barabanki,Nawabganj,Madarpur,164795
Uttar Pradesh,Barabanki,Nawabganj,Madhaupur,164566
Uttar Pradesh,Barabanki,Nawabganj,Magarwal,164707
Uttar Pradesh,Barabanki,Nawabganj,Maharaund,164544
Uttar Pradesh,Barabanki,Nawabganj,Mahmoodabad,164467
Uttar Pradesh,Barabanki,Nawabganj,Mahuva Mau,164625
Uttar Pradesh,Barabanki,Nawabganj,Malookpur,164504
Uttar Pradesh,Barabanki,Nawabganj,Man Pur,164704
Uttar Pradesh,Barabanki,Nawabganj,Mandora,164487
Uttar Pradesh,Barabanki,Nawabganj,Manera,164649
Uttar Pradesh,Barabanki,Nawabganj,Manjhle Pur,164628
Uttar Pradesh,Barabanki,Nawabganj,Manjitha,164641
Uttar Pradesh,Barabanki,Nawabganj,Manpur Rah,164657
Uttar Pradesh,Barabanki,Nawabganj,Markhapur,164673
Uttar Pradesh,Barabanki,Nawabganj,Masauli,164786
Uttar Pradesh,Barabanki,Nawabganj,Mati,164581
Uttar Pradesh,Barabanki,Nawabganj,Maujanipur,164486
Uttar Pradesh,Barabanki,Nawabganj,Mauthari,164646
Uttar Pradesh,Barabanki,Nawabganj,Mauthari,164761
Uttar Pradesh,Barabanki,Nawabganj,Mavaiya,164682
Uttar Pradesh,Barabanki,Nawabganj,Media,164780
Uttar Pradesh,Barabanki,Nawabganj,Meena Pur,164762
Uttar Pradesh,Barabanki,Nawabganj,Meerpur,164541
Uttar Pradesh,Barabanki,Nawabganj,Mirjanagar Behatai,164472
Uttar Pradesh,Barabanki,Nawabganj,Mirza Pur,164743
Uttar Pradesh,Barabanki,Nawabganj,Mittai,164528
Uttar Pradesh,Barabanki,Nawabganj,Miyanpur,164556
Uttar Pradesh,Barabanki,Nawabganj,Mohaliya,164509
Uttar Pradesh,Barabanki,Nawabganj,Mohammad Bad,164642
Uttar Pradesh,Barabanki,Nawabganj,Mohammad Pur,164725
Uttar Pradesh,Barabanki,Nawabganj,Mohammadpur,164607
Uttar Pradesh,Barabanki,Nawabganj,Mohammadpur Chauki,164588
Uttar Pradesh,Barabanki,Nawabganj,Mohammadpur Parethia,164590
Uttar Pradesh,Barabanki,Nawabganj,Mohana,164696
Uttar Pradesh,Barabanki,Nawabganj,Mohanpur,164473
Uttar Pradesh,Barabanki,Nawabganj,Mohiuddinpur,164616
Uttar Pradesh,Barabanki,Nawabganj,Moradabad,164578
Uttar Pradesh,Barabanki,Nawabganj,Mubarak Pur,164732
Uttar Pradesh,Barabanki,Nawabganj,Mubarak Pur,164818
Uttar Pradesh,Barabanki,Nawabganj,Mubarak Pur Hakim,164759
Uttar Pradesh,Barabanki,Nawabganj,Mukhee Pur,164757
Uttar Pradesh,Barabanki,Nawabganj,Munja Pur,164787
Uttar Pradesh,Barabanki,Nawabganj,Muradpur,164490
Uttar Pradesh,Barabanki,Nawabganj,Murtazanagar,164535
Uttar Pradesh,Barabanki,Nawabganj,Mushki Nagar,164805
Uttar Pradesh,Barabanki,Nawabganj,Mustafabad deshi,164571
Uttar Pradesh,Barabanki,Nawabganj,Muzzapfarmau,164562
Uttar Pradesh,Barabanki,Nawabganj,Nagar,164584
Uttar Pradesh,Barabanki,Nawabganj,Nagraura,164677
Uttar Pradesh,Barabanki,Nawabganj,Nai Mau,164558
Uttar Pradesh,Barabanki,Nawabganj,Nainamau,164784
Uttar Pradesh,Barabanki,Nawabganj,Nanmau,164684
Uttar Pradesh,Barabanki,Nawabganj,Narain Bhari,164485
Uttar Pradesh,Barabanki,Nawabganj,Narauli,164694
Uttar Pradesh,Barabanki,Nawabganj,Nargismau,164577
Uttar Pradesh,Barabanki,Nawabganj,Nasir Nagar,164797
Uttar Pradesh,Barabanki,Nawabganj,Nawabganj,164846
Uttar Pradesh,Barabanki,Nawabganj,Naya Gaon,164807
Uttar Pradesh,Barabanki,Nawabganj,Nigaree,164611
Uttar Pradesh,Barabanki,Nawabganj,Nindanpur,164683
Uttar Pradesh,Barabanki,Nawabganj,Nirau Mau,164695
Uttar Pradesh,Barabanki,Nawabganj,Nyamatpur,164801
Uttar Pradesh,Barabanki,Nawabganj,Nyaula Karsanda,164793
Uttar Pradesh,Barabanki,Nawabganj,Nyoli,164691
Uttar Pradesh,Barabanki,Nawabganj,Obaree (CT),164844
Uttar Pradesh,Barabanki,Nawabganj,Pachasi,164670
Uttar Pradesh,Barabanki,Nawabganj,Paharpur Kutulupur,164469
Uttar Pradesh,Barabanki,Nawabganj,Paisar (Dehat ),164632
Uttar Pradesh,Barabanki,Nawabganj,Palhari,164631
Uttar Pradesh,Barabanki,Nawabganj,Palhari,164834
Uttar Pradesh,Barabanki,Nawabganj,Palhari,164834
Uttar Pradesh,Barabanki,Nawabganj,Palia Masoodpur,164603
Uttar Pradesh,Barabanki,Nawabganj,Palta,164525
Uttar Pradesh,Barabanki,Nawabganj,Pandara,164698
Uttar Pradesh,Barabanki,Nawabganj,Pandari,164697
Uttar Pradesh,Barabanki,Nawabganj,Panihal,164718
Uttar Pradesh,Barabanki,Nawabganj,Para Deepu,164700
Uttar Pradesh,Barabanki,Nawabganj,Para Khandauli,164617
Uttar Pradesh,Barabanki,Nawabganj,Para Kunwar,164640
Uttar Pradesh,Barabanki,Nawabganj,Patmau,164639
Uttar Pradesh,Barabanki,Nawabganj,Pavaiabad,164483
Uttar Pradesh,Barabanki,Nawabganj,Pavaiya Veeran,164567
Uttar Pradesh,Barabanki,Nawabganj,Peera Nagar Umarpur,164456
Uttar Pradesh,Barabanki,Nawabganj,Pind,164530
Uttar Pradesh,Barabanki,Nawabganj,Piprauli,164619
Uttar Pradesh,Barabanki,Nawabganj,Pratap Ganj,164820
Uttar Pradesh,Barabanki,Nawabganj,Pyaranpur,164765
Uttar Pradesh,Barabanki,Nawabganj,Pyarepur Saraiya,164827
Uttar Pradesh,Barabanki,Nawabganj,Raheemabad,164457
Uttar Pradesh,Barabanki,Nawabganj,Raheemabad,164711
Uttar Pradesh,Barabanki,Nawabganj,Rahmat Nagar,164614
Uttar Pradesh,Barabanki,Nawabganj,Rahra Mau,164800
Uttar Pradesh,Barabanki,Nawabganj,Rai Pur,164822
Uttar Pradesh,Barabanki,Nawabganj,Rajai Pur,164814
Uttar Pradesh,Barabanki,Nawabganj,Ram Nagar,164799
Uttar Pradesh,Barabanki,Nawabganj,Ramna,164630
Uttar Pradesh,Barabanki,Nawabganj,Rampur,164551
Uttar Pradesh,Barabanki,Nawabganj,Rampur Joga,164661
Uttar Pradesh,Barabanki,Nawabganj,Rasauli,164819
Uttar Pradesh,Barabanki,Nawabganj,Rasool Pur,164840
Uttar Pradesh,Barabanki,Nawabganj,Rasoolpur,164701
Uttar Pradesh,Barabanki,Nawabganj,Rasoolpur Dargah,164464
Uttar Pradesh,Barabanki,Nawabganj,Rasoolpur Kidwai,164501
Uttar Pradesh,Barabanki,Nawabganj,Reevan,164513
Uttar Pradesh,Barabanki,Nawabganj,Rendua Palhari,164580
Uttar Pradesh,Barabanki,Nawabganj,Sadamau,164792
Uttar Pradesh,Barabanki,Nawabganj,Sadruddin Pur,164775
Uttar Pradesh,Barabanki,Nawabganj,Safdarganj,164828
Uttar Pradesh,Barabanki,Nawabganj,Safedabad,164589
Uttar Pradesh,Barabanki,Nawabganj,Sahelia,164635
Uttar Pradesh,Barabanki,Nawabganj,Sahelia,164667
Uttar Pradesh,Barabanki,Nawabganj,Saidabad,164804
Uttar Pradesh,Barabanki,Nawabganj,Saihara,164555
Uttar Pradesh,Barabanki,Nawabganj,Salarpur,164482
Uttar Pradesh,Barabanki,Nawabganj,Saleh Nagar,164480
Uttar Pradesh,Barabanki,Nawabganj,Salempur,164506
Uttar Pradesh,Barabanki,Nawabganj,Samosaray,164731
Uttar Pradesh,Barabanki,Nawabganj,Sandauli Umarpur,164591
Uttar Pradesh,Barabanki,Nawabganj,Sarai Budheri,164658
Uttar Pradesh,Barabanki,Nawabganj,Sarai Kasthan,164833
Uttar Pradesh,Barabanki,Nawabganj,Sarai Mihi,164655
Uttar Pradesh,Barabanki,Nawabganj,Sarai Parsanda,164676
Uttar Pradesh,Barabanki,Nawabganj,Saraiya,164568
Uttar Pradesh,Barabanki,Nawabganj,Saray Akbarabad,164650
Uttar Pradesh,Barabanki,Nawabganj,Saray Hizra,164727
Uttar Pradesh,Barabanki,Nawabganj,Saray Sikandar Pur,164668
Uttar Pradesh,Barabanki,Nawabganj,Sarsaundi,164561
Uttar Pradesh,Barabanki,Nawabganj,Sarthara,164600
Uttar Pradesh,Barabanki,Nawabganj,Sat Bisvan,164817
Uttar Pradesh,Barabanki,Nawabganj,Satrikh Dehat,164671
Uttar Pradesh,Barabanki,Nawabganj,Semri,164821
Uttar Pradesh,Barabanki,Nawabganj,Seth Mau,164739
Uttar Pradesh,Barabanki,Nawabganj,Shah Pur,164736
Uttar Pradesh,Barabanki,Nawabganj,Shahab Pur,164620
Uttar Pradesh,Barabanki,Nawabganj,Shahjad Pur,164769
Uttar Pradesh,Barabanki,Nawabganj,Shahpur,164549
Uttar Pradesh,Barabanki,Nawabganj,Shahpur,164836
Uttar Pradesh,Barabanki,Nawabganj,Sharifabad,164539
Uttar Pradesh,Barabanki,Nawabganj,Sharifabad,164669
Uttar Pradesh,Barabanki,Nawabganj,Shekhpur,164507
Uttar Pradesh,Barabanki,Nawabganj,Shekhpur,164735
Uttar Pradesh,Barabanki,Nawabganj,Sher Pur,164783
Uttar Pradesh,Barabanki,Nawabganj,Shuklai,164633
Uttar Pradesh,Barabanki,Nawabganj,Sidwahi,164545
Uttar Pradesh,Barabanki,Nawabganj,Sikandar Pur,164666
Uttar Pradesh,Barabanki,Nawabganj,Sikandarpur,164465
Uttar Pradesh,Barabanki,Nawabganj,Sipahiya,164521
Uttar Pradesh,Barabanki,Nawabganj,Sisvara,164798
Uttar Pradesh,Barabanki,Nawabganj,Siswara,164475
Uttar Pradesh,Barabanki,Nawabganj,Sohil Pur,164713
Uttar Pradesh,Barabanki,Nawabganj,Sultan Pur,164621
Uttar Pradesh,Barabanki,Nawabganj,Sultanpur,164679
Uttar Pradesh,Barabanki,Nawabganj,Sursanda,164622
Uttar Pradesh,Barabanki,Nawabganj,Suryapur Khapraila,164838
Uttar Pradesh,Barabanki,Nawabganj,Tahee Pur,164703
Uttar Pradesh,Barabanki,Nawabganj,Tai Kala,164542
Uttar Pradesh,Barabanki,Nawabganj,Tai Khurd,164546
Uttar Pradesh,Barabanki,Nawabganj,Tamrse Pur,164702
Uttar Pradesh,Barabanki,Nawabganj,Tanda Masood Pur,164772
Uttar Pradesh,Barabanki,Nawabganj,Taspur,164514
Uttar Pradesh,Barabanki,Nawabganj,Teephar,164518
Uttar Pradesh,Barabanki,Nawabganj,Teer Gaon,164738
Uttar Pradesh,Barabanki,Nawabganj,Tejava Pur,164753
Uttar Pradesh,Barabanki,Nawabganj,Tera,164716
Uttar Pradesh,Barabanki,Nawabganj,Tera,164790
Uttar Pradesh,Barabanki,Nawabganj,Tera Daulatpur,164774
Uttar Pradesh,Barabanki,Nawabganj,Tera Kalan,164477
Uttar Pradesh,Barabanki,Nawabganj,Terakhurd,164476
Uttar Pradesh,Barabanki,Nawabganj,Teri,164737
Uttar Pradesh,Barabanki,Nawabganj,Tesua Salemchak,164712
Uttar Pradesh,Barabanki,Nawabganj,Tetepur,164660
Uttar Pradesh,Barabanki,Nawabganj,Tikariya,164559
Uttar Pradesh,Barabanki,Nawabganj,Tikra Murtaza,164720
Uttar Pradesh,Barabanki,Nawabganj,Tikra Patti,164552
Uttar Pradesh,Barabanki,Nawabganj,Tikra Usman,164719
Uttar Pradesh,Barabanki,Nawabganj,Tikraghat,164734
Uttar Pradesh,Barabanki,Nawabganj,Tindola,164575
Uttar Pradesh,Barabanki,Nawabganj,Tinduani,164662
Uttar Pradesh,Barabanki,Nawabganj,Uchvapur,164692
Uttar Pradesh,Barabanki,Nawabganj,Udhauli,164841
Uttar Pradesh,Barabanki,Nawabganj,Ukhari,164459
Uttar Pradesh,Barabanki,Nawabganj,Umar Pur,164466
Uttar Pradesh,Barabanki,Nawabganj,Umari,164520
Uttar Pradesh,Barabanki,Nawabganj,Urgadia,164596
Uttar Pradesh,Barabanki,Nawabganj,Vajiuddin Pur,164749
Uttar Pradesh,Barabanki,Nawabganj,Wazid Pur,164776
Uttar Pradesh,Barabanki,Nawabganj,Yakut Ganj,164831
Uttar Pradesh,Lucknow,Malihabad,Adampur,143034
Uttar Pradesh,Lucknow,Malihabad,Ahindar,142981
Uttar Pradesh,Lucknow,Malihabad,Ahmedabad,143105
Uttar Pradesh,Lucknow,Malihabad,Akbar Pur,143011
Uttar Pradesh,Lucknow,Malihabad,Allupur,143153
Uttar Pradesh,Lucknow,Malihabad,Amlauli,143042
Uttar Pradesh,Lucknow,Malihabad,Atari,143003
Uttar Pradesh,Lucknow,Malihabad,Ataria,143026
Uttar Pradesh,Lucknow,Malihabad,Ataura,143127
Uttar Pradesh,Lucknow,Malihabad,Aumau,143031
Uttar Pradesh,Lucknow,Malihabad,Aunt,143055
Uttar Pradesh,Lucknow,Malihabad,Auntgarhi Saura,142997
Uttar Pradesh,Lucknow,Malihabad,Badaura,143111
Uttar Pradesh,Lucknow,Malihabad,Badiya,143016
Uttar Pradesh,Lucknow,Malihabad,Bahelia,143160
Uttar Pradesh,Lucknow,Malihabad,Bahraura,143021
Uttar Pradesh,Lucknow,Malihabad,Bakhtiyar Nagar,143141
Uttar Pradesh,Lucknow,Malihabad,Barhi Garhi,143143
Uttar Pradesh,Lucknow,Malihabad,Bari Jalalpur,143140
Uttar Pradesh,Lucknow,Malihabad,Barkhorava,142993
Uttar Pradesh,Lucknow,Malihabad,Basant Pur,143007
Uttar Pradesh,Lucknow,Malihabad,Belgarha,143144
Uttar Pradesh,Lucknow,Malihabad,Belva,143082
Uttar Pradesh,Lucknow,Malihabad,Bhadesar Mau,143087
Uttar Pradesh,Lucknow,Malihabad,Bhadwana,143092
Uttar Pradesh,Lucknow,Malihabad,Bhanpur,143064
Uttar Pradesh,Lucknow,Malihabad,Bhanwar,143051
Uttar Pradesh,Lucknow,Malihabad,Bhat Purva,143077
Uttar Pradesh,Lucknow,Malihabad,Bhatoia,143114
Uttar Pradesh,Lucknow,Malihabad,Bhelam Pur,143008
Uttar Pradesh,Lucknow,Malihabad,Bhogalamau,143129
Uttar Pradesh,Lucknow,Malihabad,Bhulsi,143132
Uttar Pradesh,Lucknow,Malihabad,Birpur,143009
Uttar Pradesh,Lucknow,Malihabad,Budharia,143154
Uttar Pradesh,Lucknow,Malihabad,Chaina,143069
Uttar Pradesh,Lucknow,Malihabad,Chandpur,143117
Uttar Pradesh,Lucknow,Malihabad,Chandwara,143050
Uttar Pradesh,Lucknow,Malihabad,Danaur,143029
Uttar Pradesh,Lucknow,Malihabad,Datali,143125
Uttar Pradesh,Lucknow,Malihabad,Daudpur,143066
Uttar Pradesh,Lucknow,Malihabad,Daulatpur,143076
Uttar Pradesh,Lucknow,Malihabad,Devari Bharat,143023
Uttar Pradesh,Lucknow,Malihabad,Devari Danda,143061
Uttar Pradesh,Lucknow,Malihabad,Devari Ganja,143010
Uttar Pradesh,Lucknow,Malihabad,Dhakhava,143065
Uttar Pradesh,Lucknow,Malihabad,Dheremau,143133
Uttar Pradesh,Lucknow,Malihabad,Didhara,143019
Uttar Pradesh,Lucknow,Malihabad,Dilavar Nagar,143084
Uttar Pradesh,Lucknow,Malihabad,Dugauli,143148
Uttar Pradesh,Lucknow,Malihabad,Dular Mau,143137
Uttar Pradesh,Lucknow,Malihabad,Fatehnagar,143162
Uttar Pradesh,Lucknow,Malihabad,Fatehpur,143073
Uttar Pradesh,Lucknow,Malihabad,Firozpur,143096
Uttar Pradesh,Lucknow,Malihabad,Gagan  Barauli,143057
Uttar Pradesh,Lucknow,Malihabad,Gahndo,142991
Uttar Pradesh,Lucknow,Malihabad,Garhi Sajar Khan,143109
Uttar Pradesh,Lucknow,Malihabad,Garhthamma,143035
Uttar Pradesh,Lucknow,Malihabad,Gaunda Muajjam Nagar,143119
Uttar Pradesh,Lucknow,Malihabad,Gauraiya,143037
Uttar Pradesh,Lucknow,Malihabad,Gaurava,143124
Uttar Pradesh,Lucknow,Malihabad,Ghusauli,143094
Uttar Pradesh,Lucknow,Malihabad,Godhan,143013
Uttar Pradesh,Lucknow,Malihabad,Gopal Pur,142988
Uttar Pradesh,Lucknow,Malihabad,Gorava Baravki,142985
Uttar Pradesh,Lucknow,Malihabad,Gosava,143083
Uttar Pradesh,Lucknow,Malihabad,Gukhaura,143161
Uttar Pradesh,Lucknow,Malihabad,Gumsena,143044
Uttar Pradesh,Lucknow,Malihabad,Habibpur,143147
Uttar Pradesh,Lucknow,Malihabad,Hamira Pur,143093
Uttar Pradesh,Lucknow,Malihabad,Harihar Pur,143086
Uttar Pradesh,Lucknow,Malihabad,Hasanapur,143060
Uttar Pradesh,Lucknow,Malihabad,Hasimpur,143116
Uttar Pradesh,Lucknow,Malihabad,Hatauli,143091
Uttar Pradesh,Lucknow,Malihabad,Ibrahimpur,143063
Uttar Pradesh,Lucknow,Malihabad,Ishapur,143089
Uttar Pradesh,Lucknow,Malihabad,Jagdishpur Bujurg,143038
Uttar Pradesh,Lucknow,Malihabad,Jagdishpur Khurd,143095
Uttar Pradesh,Lucknow,Malihabad,Jamalnagar,143165
Uttar Pradesh,Lucknow,Malihabad,Jamolia,142990
Uttar Pradesh,Lucknow,Malihabad,Jauria,143070
Uttar Pradesh,Lucknow,Malihabad,Jindana,143005
Uttar Pradesh,Lucknow,Malihabad,Jindaur,143074
Uttar Pradesh,Lucknow,Malihabad,KHANDSARA,142995
Uttar Pradesh,Lucknow,Malihabad,Kahala,143085
Uttar Pradesh,Lucknow,Malihabad,Kaithulia,143072
Uttar Pradesh,Lucknow,Malihabad,Kamalpur Lodhaura,143018
Uttar Pradesh,Lucknow,Malihabad,Kamaluddin Nagar,142987
Uttar Pradesh,Lucknow,Malihabad,Kanar,143104
Uttar Pradesh,Lucknow,Malihabad,Karend,142999
Uttar Pradesh,Lucknow,Malihabad,Kasmandi Khurd,143090
Uttar Pradesh,Lucknow,Malihabad,Kasmandikala,143157
Uttar Pradesh,Lucknow,Malihabad,Katauli,143164
Uttar Pradesh,Lucknow,Malihabad,Keraura,143041
Uttar Pradesh,Lucknow,Malihabad,Khadoha,143120
Uttar Pradesh,Lucknow,Malihabad,Khakhara,143032
Uttar Pradesh,Lucknow,Malihabad,Khalispur,143146
Uttar Pradesh,Lucknow,Malihabad,Kharata,143131
Uttar Pradesh,Lucknow,Malihabad,Khushal Pur,143113
Uttar Pradesh,Lucknow,Malihabad,Kithai Para,143159
Uttar Pradesh,Lucknow,Malihabad,Kolava Bhanaura,143033
Uttar Pradesh,Lucknow,Malihabad,Kukura,143142
Uttar Pradesh,Lucknow,Malihabad,Kundara Kala,143134
Uttar Pradesh,Lucknow,Malihabad,Kundara Khurd,143135
Uttar Pradesh,Lucknow,Malihabad,Latifpur,143036
Uttar Pradesh,Lucknow,Malihabad,Ludhausi,143145
Uttar Pradesh,Lucknow,Malihabad,Madhopur,143110
Uttar Pradesh,Lucknow,Malihabad,Madwana,143025
Uttar Pradesh,Lucknow,Malihabad,Mahdoia,143128
Uttar Pradesh,Lucknow,Malihabad,Mahmoodnagar,143103
Uttar Pradesh,Lucknow,Malihabad,Majhauva,143028
Uttar Pradesh,Lucknow,Malihabad,Malaha,143166
Uttar Pradesh,Lucknow,Malihabad,Malihabad,941626
Uttar Pradesh,Lucknow,Malihabad,Mall,143052
Uttar Pradesh,Lucknow,Malihabad,Mandauli,143151
Uttar Pradesh,Lucknow,Malihabad,Manjhi Nikrojpur,143027
Uttar Pradesh,Lucknow,Malihabad,Mankauti,143079
Uttar Pradesh,Lucknow,Malihabad,Masirha Hamir,143058
Uttar Pradesh,Lucknow,Malihabad,Masirha Ratan,143056
Uttar Pradesh,Lucknow,Malihabad,Mavai Kalan,143075
Uttar Pradesh,Lucknow,Malihabad,Mawai Khurd,143006
Uttar Pradesh,Lucknow,Malihabad,Meethenagar,143150
Uttar Pradesh,Lucknow,Malihabad,Mohammadnagar Rahmatnagar,143100
Uttar Pradesh,Lucknow,Malihabad,Mohammadnagar Talukedari,143099
Uttar Pradesh,Lucknow,Malihabad,Mujasa,143097
Uttar Pradesh,Lucknow,Malihabad,Muriyara,142994
Uttar Pradesh,Lucknow,Malihabad,Nabi Panah,143062
Uttar Pradesh,Lucknow,Malihabad,Nai Basti Dhanewa,143101
Uttar Pradesh,Lucknow,Malihabad,Naibasti Bhithaura,143048
Uttar Pradesh,Lucknow,Malihabad,Najar Nagar,143106
Uttar Pradesh,Lucknow,Malihabad,Narayanpur,143046
Uttar Pradesh,Lucknow,Malihabad,Naru,143053
Uttar Pradesh,Lucknow,Malihabad,Navbasta,143001
Uttar Pradesh,Lucknow,Malihabad,Navi Nagar,143130
Uttar Pradesh,Lucknow,Malihabad,Nejabhari,143102
Uttar Pradesh,Lucknow,Malihabad,Paharpur,143121
Uttar Pradesh,Lucknow,Malihabad,Pakara,143022
Uttar Pradesh,Lucknow,Malihabad,Para Bhadrahi,143000
Uttar Pradesh,Lucknow,Malihabad,Patauna,143039
Uttar Pradesh,Lucknow,Malihabad,Peer Nagar,143043
Uttar Pradesh,Lucknow,Malihabad,Pipari Kurakhar,143020
Uttar Pradesh,Lucknow,Malihabad,Purava,143138
Uttar Pradesh,Lucknow,Malihabad,Raghu Rampur,143080
Uttar Pradesh,Lucknow,Malihabad,Rahata,142983
Uttar Pradesh,Lucknow,Malihabad,Raipur,143015
Uttar Pradesh,Lucknow,Malihabad,Ram Nagar,143047
Uttar Pradesh,Lucknow,Malihabad,Ramgarha,143158
Uttar Pradesh,Lucknow,Malihabad,Rampur Basti,143123
Uttar Pradesh,Lucknow,Malihabad,Ranipara,143045
Uttar Pradesh,Lucknow,Malihabad,Rasulabad,143118
Uttar Pradesh,Lucknow,Malihabad,Rasulpur,143126
Uttar Pradesh,Lucknow,Malihabad,Roodan Khera,143004
Uttar Pradesh,Lucknow,Malihabad,Rusena,143068
Uttar Pradesh,Lucknow,Malihabad,Sadarpur,143098
Uttar Pradesh,Lucknow,Malihabad,Sahijana,143067
Uttar Pradesh,Lucknow,Malihabad,Sahilamau,143149
Uttar Pradesh,Lucknow,Malihabad,Saibasi,143059
Uttar Pradesh,Lucknow,Malihabad,Saidapur,142996
Uttar Pradesh,Lucknow,Malihabad,Saleh Nagar,143014
Uttar Pradesh,Lucknow,Malihabad,Salihabad,143152
Uttar Pradesh,Lucknow,Malihabad,Sarava,143108
Uttar Pradesh,Lucknow,Malihabad,Sarthara,143040
Uttar Pradesh,Lucknow,Malihabad,Saspan,142986
Uttar Pradesh,Lucknow,Malihabad,Sendharava,143088
Uttar Pradesh,Lucknow,Malihabad,Shahjad Pur,143112
Uttar Pradesh,Lucknow,Malihabad,Shahmau,143002
Uttar Pradesh,Lucknow,Malihabad,Shahpurgorava,143024
Uttar Pradesh,Lucknow,Malihabad,Shankar Pur,143012
Uttar Pradesh,Lucknow,Malihabad,Sherpur Bhaiusa,143136
Uttar Pradesh,Lucknow,Malihabad,Shivdaspur,143163
Uttar Pradesh,Lucknow,Malihabad,Siswara,142984
Uttar Pradesh,Lucknow,Malihabad,Sukkha Khera,143049
Uttar Pradesh,Lucknow,Malihabad,Sultanpur,143030
Uttar Pradesh,Lucknow,Malihabad,Surgaula,143115
Uttar Pradesh,Lucknow,Malihabad,Tarauna,143071
Uttar Pradesh,Lucknow,Malihabad,Terva,143081
Uttar Pradesh,Lucknow,Malihabad,Thari,142992
Uttar Pradesh,Lucknow,Malihabad,Tikaitganj,143155
Uttar Pradesh,Lucknow,Malihabad,Tikari Kala,143017
Uttar Pradesh,Lucknow,Malihabad,Tikari Khurd,143107
Uttar Pradesh,Lucknow,Malihabad,Tilan,142989
Uttar Pradesh,Lucknow,Malihabad,Tilsua,143139
Uttar Pradesh,Lucknow,Malihabad,Tiragavan,143078
Uttar Pradesh,Lucknow,Malihabad,Umraval,142982
Uttar Pradesh,Lucknow,Malihabad,Vahir,142980
Uttar Pradesh,Lucknow,Malihabad,Vajidnagar,143156
Uttar Pradesh,Lucknow,Malihabad,Vidhishyama,143054
Uttar Pradesh,Lucknow,Malihabad,Virahim Pur,143122
Uttar Pradesh,Lucknow,Malihabad,Visunpur,142998
Uttar Pradesh,Lucknow,Mohanlalganj,Abbas Nagar,143758
Uttar Pradesh,Lucknow,Mohanlalganj,Achalikhera,143726
Uttar Pradesh,Lucknow,Mohanlalganj,Adampur Naubasta,143671
Uttar Pradesh,Lucknow,Mohanlalganj,Aghaiya,143774
Uttar Pradesh,Lucknow,Mohanlalganj,Ahmadpur Ahshsan Ali,143653
Uttar Pradesh,Lucknow,Mohanlalganj,Ahmadpur Ajamli,143752
Uttar Pradesh,Lucknow,Mohanlalganj,Ahmadpur Khalsa,143718
Uttar Pradesh,Lucknow,Mohanlalganj,Akarhadoo,143664
Uttar Pradesh,Lucknow,Mohanlalganj,Akbarpur Beniganj,143743
Uttar Pradesh,Lucknow,Mohanlalganj,Aliya Mau,143582
Uttar Pradesh,Lucknow,Mohanlalganj,Amethi,941627
Uttar Pradesh,Lucknow,Mohanlalganj,Amiliha khera,143776
Uttar Pradesh,Lucknow,Mohanlalganj,Amwa Murtazapur,143755
Uttar Pradesh,Lucknow,Mohanlalganj,Aneya Khargapur,143666
Uttar Pradesh,Lucknow,Mohanlalganj,Aslam Nagar,143756
Uttar Pradesh,Lucknow,Mohanlalganj,Asti,143650
Uttar Pradesh,Lucknow,Mohanlalganj,Atrauli,143713
Uttar Pradesh,Lucknow,Mohanlalganj,Baghauli,143658
Uttar Pradesh,Lucknow,Mohanlalganj,Baghauna,143785
Uttar Pradesh,Lucknow,Mohanlalganj,Bahrauli,143672
Uttar Pradesh,Lucknow,Mohanlalganj,Bairisal Pur,143771
Uttar Pradesh,Lucknow,Mohanlalganj,Bajgahiya,143673
Uttar Pradesh,Lucknow,Mohanlalganj,Bajoopur,143577
Uttar Pradesh,Lucknow,Mohanlalganj,Bakhari,143579
Uttar Pradesh,Lucknow,Mohanlalganj,Bakkas,143564
Uttar Pradesh,Lucknow,Mohanlalganj,Baliyakhera,143593
Uttar Pradesh,Lucknow,Mohanlalganj,Balsingh Khera,143728
Uttar Pradesh,Lucknow,Mohanlalganj,Baruwa,143641
Uttar Pradesh,Lucknow,Mohanlalganj,Barwaliya,143711
Uttar Pradesh,Lucknow,Mohanlalganj,Basrhiya,143628
Uttar Pradesh,Lucknow,Mohanlalganj,Bastauli,143642
Uttar Pradesh,Lucknow,Mohanlalganj,Bastiya,143625
Uttar Pradesh,Lucknow,Mohanlalganj,Begariya,143581
Uttar Pradesh,Lucknow,Mohanlalganj,Beli,143618
Uttar Pradesh,Lucknow,Mohanlalganj,Bendauwa,143717
Uttar Pradesh,Lucknow,Mohanlalganj,Bhaddi Khera,143738
Uttar Pradesh,Lucknow,Mohanlalganj,Bhadeshwa,143698
Uttar Pradesh,Lucknow,Mohanlalganj,Bhagwan Pur,143777
Uttar Pradesh,Lucknow,Mohanlalganj,Bhajmar Mau,143736
Uttar Pradesh,Lucknow,Mohanlalganj,Bhasanda,143694
Uttar Pradesh,Lucknow,Mohanlalganj,Bhatpura,143602
Uttar Pradesh,Lucknow,Mohanlalganj,Bhatti Barkat Nagar,143615
Uttar Pradesh,Lucknow,Mohanlalganj,Bhatwara,143780
Uttar Pradesh,Lucknow,Mohanlalganj,Bhaundri,143696
Uttar Pradesh,Lucknow,Mohanlalganj,Bhaura Khurd,143617
Uttar Pradesh,Lucknow,Mohanlalganj,Bhaurakala,143655
Uttar Pradesh,Lucknow,Mohanlalganj,Bhawa Khera,143766
Uttar Pradesh,Lucknow,Mohanlalganj,Bheelam Pur,143703
Uttar Pradesh,Lucknow,Mohanlalganj,Birsingh Pur,143745
Uttar Pradesh,Lucknow,Mohanlalganj,Bramhedas Pur,143768
Uttar Pradesh,Lucknow,Mohanlalganj,Chak Kanjehra,143560
Uttar Pradesh,Lucknow,Mohanlalganj,Chamartaliya,143639
Uttar Pradesh,Lucknow,Mohanlalganj,Chand Sarai,143594
Uttar Pradesh,Lucknow,Mohanlalganj,Chauganpur,143638
Uttar Pradesh,Lucknow,Mohanlalganj,Chaurasi,941628
Uttar Pradesh,Lucknow,Mohanlalganj,Chaurhiya,143565
Uttar Pradesh,Lucknow,Mohanlalganj,Chhatauni,143763
Uttar Pradesh,Lucknow,Mohanlalganj,Dahiyar,143682
Uttar Pradesh,Lucknow,Mohanlalganj,Dai Tikar,143611
Uttar Pradesh,Lucknow,Mohanlalganj,Dakhina Shekhpur,143784
Uttar Pradesh,Lucknow,Mohanlalganj,Dakhinwara,143634
Uttar Pradesh,Lucknow,Mohanlalganj,Dalauna,143685
Uttar Pradesh,Lucknow,Mohanlalganj,Danda Sikandarpur,143715
Uttar Pradesh,Lucknow,Mohanlalganj,Dauda Mau,143572
Uttar Pradesh,Lucknow,Mohanlalganj,Daudnagar,143680
Uttar Pradesh,Lucknow,Mohanlalganj,Daudpur Saidapur,143626
Uttar Pradesh,Lucknow,Mohanlalganj,Dayal Pur,143737
Uttar Pradesh,Lucknow,Mohanlalganj,Dehra Mau,143621
Uttar Pradesh,Lucknow,Mohanlalganj,Dehwa,143693
Uttar Pradesh,Lucknow,Mohanlalganj,Dewariya Bharsawa,143704
Uttar Pradesh,Lucknow,Mohanlalganj,Dewati,143721
Uttar Pradesh,Lucknow,Mohanlalganj,Dhakwa,143568
Uttar Pradesh,Lucknow,Mohanlalganj,Dhanuwa Sand,143697
Uttar Pradesh,Lucknow,Mohanlalganj,Dharmangad Khera,143689
Uttar Pradesh,Lucknow,Mohanlalganj,Dharmawat Khera,143688
Uttar Pradesh,Lucknow,Mohanlalganj,Dhaurahra,143635
Uttar Pradesh,Lucknow,Mohanlalganj,Dighari,143748
Uttar Pradesh,Lucknow,Mohanlalganj,Dular Mau,143569
Uttar Pradesh,Lucknow,Mohanlalganj,Dulhapur Husainabad,143667
Uttar Pradesh,Lucknow,Mohanlalganj,Faridpur,143575
Uttar Pradesh,Lucknow,Mohanlalganj,Fatehpur,143636
Uttar Pradesh,Lucknow,Mohanlalganj,Gadha,143759
Uttar Pradesh,Lucknow,Mohanlalganj,Gadhi,143730
Uttar Pradesh,Lucknow,Mohanlalganj,Gadhi mustafabad,143629
Uttar Pradesh,Lucknow,Mohanlalganj,Gadiyana,143716
Uttar Pradesh,Lucknow,Mohanlalganj,Gaura,143712
Uttar Pradesh,Lucknow,Mohanlalganj,Gauriya Kala,143583
Uttar Pradesh,Lucknow,Mohanlalganj,Gauriya Khurd,143720
Uttar Pradesh,Lucknow,Mohanlalganj,Gautam Khera,143708
Uttar Pradesh,Lucknow,Mohanlalganj,Ghur Sara,143675
Uttar Pradesh,Lucknow,Mohanlalganj,Ghuskar,143640
Uttar Pradesh,Lucknow,Mohanlalganj,Gomi Khera,143647
Uttar Pradesh,Lucknow,Mohanlalganj,Govindpur,143706
Uttar Pradesh,Lucknow,Mohanlalganj,Habuapur,143608
Uttar Pradesh,Lucknow,Mohanlalganj,Hardoiya,143665
Uttar Pradesh,Lucknow,Mohanlalganj,Hariharpur Patisa,143775
Uttar Pradesh,Lucknow,Mohanlalganj,Harikansh Garhi,143684
Uttar Pradesh,Lucknow,Mohanlalganj,Harinam Khera,143740
Uttar Pradesh,Lucknow,Mohanlalganj,Harrai,143659
Uttar Pradesh,Lucknow,Mohanlalganj,Hasan Pur,143765
Uttar Pradesh,Lucknow,Mohanlalganj,Hasnapur,143632
Uttar Pradesh,Lucknow,Mohanlalganj,Hullas Khera,143714
Uttar Pradesh,Lucknow,Mohanlalganj,Ichwaliya,143624
Uttar Pradesh,Lucknow,Mohanlalganj,Indrajeet Khera,143687
Uttar Pradesh,Lucknow,Mohanlalganj,Ismail Nagar,143668
Uttar Pradesh,Lucknow,Mohanlalganj,Jabarauli,143707
Uttar Pradesh,Lucknow,Mohanlalganj,Jahangeer Pur,143580
Uttar Pradesh,Lucknow,Mohanlalganj,Jamalpur Daduri,143727
Uttar Pradesh,Lucknow,Mohanlalganj,Jamalpur Kurmiyan,143620
Uttar Pradesh,Lucknow,Mohanlalganj,Jamoriya,143786
Uttar Pradesh,Lucknow,Mohanlalganj,Jaukhandi,143633
Uttar Pradesh,Lucknow,Mohanlalganj,Kabir Pur,143599
Uttar Pradesh,Lucknow,Mohanlalganj,Kamal Pur Bichlika,143746
Uttar Pradesh,Lucknow,Mohanlalganj,Kaneri,143764
Uttar Pradesh,Lucknow,Mohanlalganj,Kankaha,143731
Uttar Pradesh,Lucknow,Mohanlalganj,Kanta Karaundi,143761
Uttar Pradesh,Lucknow,Mohanlalganj,Kapera Madarpur,143652
Uttar Pradesh,Lucknow,Mohanlalganj,Karan Pur,143770
Uttar Pradesh,Lucknow,Mohanlalganj,Karora,143725
Uttar Pradesh,Lucknow,Mohanlalganj,Karorwa,143754
Uttar Pradesh,Lucknow,Mohanlalganj,Karsanda,143657
Uttar Pradesh,Lucknow,Mohanlalganj,Kasimpur Biruha,143595
Uttar Pradesh,Lucknow,Mohanlalganj,Katra Nagram,143757
Uttar Pradesh,Lucknow,Mohanlalganj,Kazee Khera,143587
Uttar Pradesh,Lucknow,Mohanlalganj,Kewali,143656
Uttar Pradesh,Lucknow,Mohanlalganj,Khawas Khera,143674
Uttar Pradesh,Lucknow,Mohanlalganj,Khuddi Khera,143782
Uttar Pradesh,Lucknow,Mohanlalganj,Khujauli,143683
Uttar Pradesh,Lucknow,Mohanlalganj,Khujehta,143692
Uttar Pradesh,Lucknow,Mohanlalganj,Kodra Raipur,143699
Uttar Pradesh,Lucknow,Mohanlalganj,Koriyani,143592
Uttar Pradesh,Lucknow,Mohanlalganj,Kubahra,143722
Uttar Pradesh,Lucknow,Mohanlalganj,Kudha,143719
Uttar Pradesh,Lucknow,Mohanlalganj,Kushmaura,143710
Uttar Pradesh,Lucknow,Mohanlalganj,Kutubpur,143631
Uttar Pradesh,Lucknow,Mohanlalganj,Lakhpera,143644
Uttar Pradesh,Lucknow,Mohanlalganj,Lalpur,143778
Uttar Pradesh,Lucknow,Mohanlalganj,Madapur,143732
Uttar Pradesh,Lucknow,Mohanlalganj,Madar Pur,143724
Uttar Pradesh,Lucknow,Mohanlalganj,Madari Khera,143741
Uttar Pradesh,Lucknow,Mohanlalganj,Madhar Mau Khurd,143562
Uttar Pradesh,Lucknow,Mohanlalganj,Madhar Mau kala,143563
Uttar Pradesh,Lucknow,Mohanlalganj,Mahmoodpur,143576
Uttar Pradesh,Lucknow,Mohanlalganj,Mahura Khurd,143630
Uttar Pradesh,Lucknow,Mohanlalganj,Mahurakala,143649
Uttar Pradesh,Lucknow,Mohanlalganj,Malauli,143591
Uttar Pradesh,Lucknow,Mohanlalganj,Malukpur Dhakwa,143567
Uttar Pradesh,Lucknow,Mohanlalganj,Mamai Mau,143661
Uttar Pradesh,Lucknow,Mohanlalganj,Manghauwa,143601
Uttar Pradesh,Lucknow,Mohanlalganj,Mangtaiya,143735
Uttar Pradesh,Lucknow,Mohanlalganj,Mastemau,143561
Uttar Pradesh,Lucknow,Mohanlalganj,Mastipur,143733
Uttar Pradesh,Lucknow,Mohanlalganj,Mau,143690
Uttar Pradesh,Lucknow,Mohanlalganj,Meenapur,143702
Uttar Pradesh,Lucknow,Mohanlalganj,Meesa,143578
Uttar Pradesh,Lucknow,Mohanlalganj,Menhdauli,143729
Uttar Pradesh,Lucknow,Mohanlalganj,Mirak Nagar,143760
Uttar Pradesh,Lucknow,Mohanlalganj,Miran Pur,143705
Uttar Pradesh,Lucknow,Mohanlalganj,Mitauli Adampur,143663
Uttar Pradesh,Lucknow,Mohanlalganj,Moazzam Nagar,143596
Uttar Pradesh,Lucknow,Mohanlalganj,Mohammadabad,143637
Uttar Pradesh,Lucknow,Mohanlalganj,Mohammadpur Garhi,143646
Uttar Pradesh,Lucknow,Mohanlalganj,Mohari Kala,143607
Uttar Pradesh,Lucknow,Mohanlalganj,Mohari Khurd,143606
Uttar Pradesh,Lucknow,Mohanlalganj,Mohiddeenpur,143677
Uttar Pradesh,Lucknow,Mohanlalganj,Nagram,143753
Uttar Pradesh,Lucknow,Mohanlalganj,Nandauli,143781
Uttar Pradesh,Lucknow,Mohanlalganj,Natauli,143788
Uttar Pradesh,Lucknow,Mohanlalganj,Nigohan,143772
Uttar Pradesh,Lucknow,Mohanlalganj,Nizampur,143585
Uttar Pradesh,Lucknow,Mohanlalganj,Noorpur Behata,143570
Uttar Pradesh,Lucknow,Mohanlalganj,Paharnagar Tikariya,143598
Uttar Pradesh,Lucknow,Mohanlalganj,Pahasa,143623
Uttar Pradesh,Lucknow,Mohanlalganj,Panjsara,143651
Uttar Pradesh,Lucknow,Mohanlalganj,Paraspur Thaththa,143709
Uttar Pradesh,Lucknow,Mohanlalganj,Parehta,143681
Uttar Pradesh,Lucknow,Mohanlalganj,Patauna,143749
Uttar Pradesh,Lucknow,Mohanlalganj,Pooran Pur,143679
Uttar Pradesh,Lucknow,Mohanlalganj,Purahiya,143783
Uttar Pradesh,Lucknow,Mohanlalganj,Purseni,143686
Uttar Pradesh,Lucknow,Mohanlalganj,Raghunath Khera,143742
Uttar Pradesh,Lucknow,Mohanlalganj,Rahmatnagar,143645
Uttar Pradesh,Lucknow,Mohanlalganj,Raibhan Khera,143691
Uttar Pradesh,Lucknow,Mohanlalganj,Rakeebabad,143605
Uttar Pradesh,Lucknow,Mohanlalganj,Ramdas Pur,143787
Uttar Pradesh,Lucknow,Mohanlalganj,Rampurgadhi Jamuni,143769
Uttar Pradesh,Lucknow,Mohanlalganj,Rasoolpur Ashik Ali,143670
Uttar Pradesh,Lucknow,Mohanlalganj,Rasoolpur Tikniyamau,143584
Uttar Pradesh,Lucknow,Mohanlalganj,Ratana Pur,143779
Uttar Pradesh,Lucknow,Mohanlalganj,Rati,143744
Uttar Pradesh,Lucknow,Mohanlalganj,Ratiya Mau,143622
Uttar Pradesh,Lucknow,Mohanlalganj,Raypur,143613
Uttar Pradesh,Lucknow,Mohanlalganj,Sadarpur Karora,143588
Uttar Pradesh,Lucknow,Mohanlalganj,Sadrapur,143614
Uttar Pradesh,Lucknow,Mohanlalganj,Sahas Ghat,143573
Uttar Pradesh,Lucknow,Mohanlalganj,Salauli,143589
Uttar Pradesh,Lucknow,Mohanlalganj,Salempur,143648
Uttar Pradesh,Lucknow,Mohanlalganj,Salempur Achaka,143762
Uttar Pradesh,Lucknow,Mohanlalganj,Sallahimau,143571
Uttar Pradesh,Lucknow,Mohanlalganj,Samesi,143750
Uttar Pradesh,Lucknow,Mohanlalganj,Sarai Gudauli,143654
Uttar Pradesh,Lucknow,Mohanlalganj,Sarai Karora,143586
Uttar Pradesh,Lucknow,Mohanlalganj,Sarauna,143662
Uttar Pradesh,Lucknow,Mohanlalganj,Sarthuwa,143676
Uttar Pradesh,Lucknow,Mohanlalganj,Sathwara,143600
Uttar Pradesh,Lucknow,Mohanlalganj,Selhu Mau,143660
Uttar Pradesh,Lucknow,Mohanlalganj,Semarapitpur,143610
Uttar Pradesh,Lucknow,Mohanlalganj,Semnapur,143590
Uttar Pradesh,Lucknow,Mohanlalganj,Shahmohammadpur Apaeya,143751
Uttar Pradesh,Lucknow,Mohanlalganj,Shahzadepur,143669
Uttar Pradesh,Lucknow,Mohanlalganj,Shekhnapur,143627
Uttar Pradesh,Lucknow,Mohanlalganj,Sherpur Lawal,143773
Uttar Pradesh,Lucknow,Mohanlalganj,Shifatnagar,143643
Uttar Pradesh,Lucknow,Mohanlalganj,Shivdhara,143678
Uttar Pradesh,Lucknow,Mohanlalganj,Shivlar,143619
Uttar Pradesh,Lucknow,Mohanlalganj,Siddhpura,143604
Uttar Pradesh,Lucknow,Mohanlalganj,Sikandarpur Amauliya,143603
Uttar Pradesh,Lucknow,Mohanlalganj,Sirs,143739
Uttar Pradesh,Lucknow,Mohanlalganj,Sisendi,143700
Uttar Pradesh,Lucknow,Mohanlalganj,Sithauli Kala,143612
Uttar Pradesh,Lucknow,Mohanlalganj,Sithauli Khurd,143609
Uttar Pradesh,Lucknow,Mohanlalganj,Sonai Kanjehra,143597
Uttar Pradesh,Lucknow,Mohanlalganj,Sulsa Mau,143701
Uttar Pradesh,Lucknow,Mohanlalganj,Suriya Mau,143574
Uttar Pradesh,Lucknow,Mohanlalganj,Tamoriya,143723
Uttar Pradesh,Lucknow,Mohanlalganj,Tikra,143734
Uttar Pradesh,Lucknow,Mohanlalganj,Tikra Jugraj,143616
Uttar Pradesh,Lucknow,Mohanlalganj,Uday Pur,143767
Uttar Pradesh,Lucknow,Mohanlalganj,Utrawan,143747
Uttar Pradesh,Lucknow,Mohanlalganj,Uttaar Gaon,143695
Uttar Pradesh,Lucknow,Sadar,Aaraji Mahtab Bagh,941532
Uttar Pradesh,Lucknow,Sadar,Adilnagar,941533
Uttar Pradesh,Lucknow,Sadar,Ahibaranpur,941534
Uttar Pradesh,Lucknow,Sadar,Ahmadpur,941535
Uttar Pradesh,Lucknow,Sadar,Ajmatnagar,143407
Uttar Pradesh,Lucknow,Sadar,Akilpur,941536
Uttar Pradesh,Lucknow,Sadar,Alam Nagar,941537
Uttar Pradesh,Lucknow,Sadar,Alinagar,143436
Uttar Pradesh,Lucknow,Sadar,Allu Nagar Diguria,143438
Uttar Pradesh,Lucknow,Sadar,Allupur,143359
Uttar Pradesh,Lucknow,Sadar,Amethiasalempur,143384
Uttar Pradesh,Lucknow,Sadar,Amrai Gaon,941538
Uttar Pradesh,Lucknow,Sadar,Anora,143474
Uttar Pradesh,Lucknow,Sadar,Atrouli,143356
Uttar Pradesh,Lucknow,Sadar,Atrouli Mu Thawar,941539
Uttar Pradesh,Lucknow,Sadar,Baghamau,143466
Uttar Pradesh,Lucknow,Sadar,Banshigarhi,143365
Uttar Pradesh,Lucknow,Sadar,Baragoan,143395
Uttar Pradesh,Lucknow,Sadar,Barha,941540
Uttar Pradesh,Lucknow,Sadar,Bari Kala,941541
Uttar Pradesh,Lucknow,Sadar,Barouliya,941542
Uttar Pradesh,Lucknow,Sadar,Baroura Husain Bari,941543
Uttar Pradesh,Lucknow,Sadar,Basrela,143415
Uttar Pradesh,Lucknow,Sadar,Bastouli,941544
Uttar Pradesh,Lucknow,Sadar,Batha Sabouli,941545
Uttar Pradesh,Lucknow,Sadar,Bedhona,143378
Uttar Pradesh,Lucknow,Sadar,Begariya,941546
Uttar Pradesh,Lucknow,Sadar,Behru,143417
Uttar Pradesh,Lucknow,Sadar,Bhadewan,941547
Uttar Pradesh,Lucknow,Sadar,Bhadurpur,941548
Uttar Pradesh,Lucknow,Sadar,Bhaisora,143462
Uttar Pradesh,Lucknow,Sadar,Bhaliya,143401
Uttar Pradesh,Lucknow,Sadar,Bhamrouli Shahpur,941549
Uttar Pradesh,Lucknow,Sadar,Bhamtamau,941550
Uttar Pradesh,Lucknow,Sadar,Bharwara,143455
Uttar Pradesh,Lucknow,Sadar,Bhatau Jamalpur,143399
Uttar Pradesh,Lucknow,Sadar,Bhikhampur,941551
Uttar Pradesh,Lucknow,Sadar,Bhilawan,941552
Uttar Pradesh,Lucknow,Sadar,Bhuhar,941553
Uttar Pradesh,Lucknow,Sadar,Bighapur,143363
Uttar Pradesh,Lucknow,Sadar,Bighu,143387
Uttar Pradesh,Lucknow,Sadar,Biharipur,941554
Uttar Pradesh,Lucknow,Sadar,Birhana,941555
Uttar Pradesh,Lucknow,Sadar,Brawan Khurd,941557
Uttar Pradesh,Lucknow,Sadar,Brawankala,941556
Uttar Pradesh,Lucknow,Sadar,Chadan,941558
Uttar Pradesh,Lucknow,Sadar,Chak Malhauri,941559
Uttar Pradesh,Lucknow,Sadar,Chakdadanpur,143375
Uttar Pradesh,Lucknow,Sadar,Chakperva,143393
Uttar Pradesh,Lucknow,Sadar,Chandiyamau,143467
Uttar Pradesh,Lucknow,Sadar,Chandoiya,941560
Uttar Pradesh,Lucknow,Sadar,Chilouli,143391
Uttar Pradesh,Lucknow,Sadar,Chinhat,941561
Uttar Pradesh,Lucknow,Sadar,Dariyaapur,942041
Uttar Pradesh,Lucknow,Sadar,Dariyapur,143410
Uttar Pradesh,Lucknow,Sadar,Dashaari,143373
Uttar Pradesh,Lucknow,Sadar,Dashdoi,143388
Uttar Pradesh,Lucknow,Sadar,Daud Nagar,941562
Uttar Pradesh,Lucknow,Sadar,Devariya,143459
Uttar Pradesh,Lucknow,Sadar,Devpur,941563
Uttar Pradesh,Lucknow,Sadar,Dhawa,143443
Uttar Pradesh,Lucknow,Sadar,Dugawan,941564
Uttar Pradesh,Lucknow,Sadar,Faizullaganj,941565
Uttar Pradesh,Lucknow,Sadar,Faridipur,941566
Uttar Pradesh,Lucknow,Sadar,Fattepur,941567
Uttar Pradesh,Lucknow,Sadar,Gajrahar,941568
Uttar Pradesh,Lucknow,Sadar,Ganeshpur Rahmanpur,143447
Uttar Pradesh,Lucknow,Sadar,Gazipur Balram,941569
Uttar Pradesh,Lucknow,Sadar,Gazipur Saidul Nisha,941570
Uttar Pradesh,Lucknow,Sadar,Ghaila,143437
Uttar Pradesh,Lucknow,Sadar,Gohra Mau,143389
Uttar Pradesh,Lucknow,Sadar,Gopramau,143362
Uttar Pradesh,Lucknow,Sadar,Goshalalpur,143409
Uttar Pradesh,Lucknow,Sadar,Gourbheet,941571
Uttar Pradesh,Lucknow,Sadar,Gvalpur,143397
Uttar Pradesh,Lucknow,Sadar,Harchandra Pur Kanoura,941572
Uttar Pradesh,Lucknow,Sadar,Hardasi Khera,941573
Uttar Pradesh,Lucknow,Sadar,Hasemau,143460
Uttar Pradesh,Lucknow,Sadar,Hasnapur,941574
Uttar Pradesh,Lucknow,Sadar,Huseriya,941575
Uttar Pradesh,Lucknow,Sadar,Iradat Nagar,941576
Uttar Pradesh,Lucknow,Sadar,Islam Bari,941577
Uttar Pradesh,Lucknow,Sadar,Ismail Ganj,941578
Uttar Pradesh,Lucknow,Sadar,Jagtapur,143358
Uttar Pradesh,Lucknow,Sadar,Jahirpur,941579
Uttar Pradesh,Lucknow,Sadar,Jalalpur,941580
Uttar Pradesh,Lucknow,Sadar,Jaliyamau,143406
Uttar Pradesh,Lucknow,Sadar,Jarahra,941581
Uttar Pradesh,Lucknow,Sadar,Jehta,143367
Uttar Pradesh,Lucknow,Sadar,Jiyamau,941582
Uttar Pradesh,Lucknow,Sadar,Jugor,143453
Uttar Pradesh,Lucknow,Sadar,Jugouli,941583
Uttar Pradesh,Lucknow,Sadar,Kakori,143386
Uttar Pradesh,Lucknow,Sadar,Kakouli,143439
Uttar Pradesh,Lucknow,Sadar,Kakrabad,143366
Uttar Pradesh,Lucknow,Sadar,Kalyanpur,941584
Uttar Pradesh,Lucknow,Sadar,Kamta,941585
Uttar Pradesh,Lucknow,Sadar,Kanchanpur Matiyari,941586
Uttar Pradesh,Lucknow,Sadar,Kanousi,941587
Uttar Pradesh,Lucknow,Sadar,Karimabad,143394
Uttar Pradesh,Lucknow,Sadar,Karjhan,143390
Uttar Pradesh,Lucknow,Sadar,Kathigera,143419
Uttar Pradesh,Lucknow,Sadar,Khaleelabad,941588
Uttar Pradesh,Lucknow,Sadar,Khanpur Mau,143416
Uttar Pradesh,Lucknow,Sadar,Kharagpur Faridi Nagar,941589
Uttar Pradesh,Lucknow,Sadar,Khargapur,143464
Uttar Pradesh,Lucknow,Sadar,Khurum Nagar,941590
Uttar Pradesh,Lucknow,Sadar,Kolhuwa Ghara,941591
Uttar Pradesh,Lucknow,Sadar,Kondar,941592
Uttar Pradesh,Lucknow,Sadar,Kundari Nazul,941593
Uttar Pradesh,Lucknow,Sadar,Kushbhari,143357
Uttar Pradesh,Lucknow,Sadar,Kushmaura Haluapur,143383
Uttar Pradesh,Lucknow,Sadar,Kusmi,143400
Uttar Pradesh,Lucknow,Sadar,Lalnagar,143371
Uttar Pradesh,Lucknow,Sadar,Lohramau,941594
Uttar Pradesh,Lucknow,Sadar,Lolai,143457
Uttar Pradesh,Lucknow,Sadar,Lonapur,143461
Uttar Pradesh,Lucknow,Sadar,Madeh Ganj,941595
Uttar Pradesh,Lucknow,Sadar,Madhoupur,941596
Uttar Pradesh,Lucknow,Sadar,Mahibullapur,941597
Uttar Pradesh,Lucknow,Sadar,Mahipatmau,143382
Uttar Pradesh,Lucknow,Sadar,Mahmoodpur,143408
Uttar Pradesh,Lucknow,Sadar,Mahnagar Rahim Nagar,941598
Uttar Pradesh,Lucknow,Sadar,Mahtava,143396
Uttar Pradesh,Lucknow,Sadar,Makhdumpur,941599
Uttar Pradesh,Lucknow,Sadar,Malesemau,143465
Uttar Pradesh,Lucknow,Sadar,Malhpur,941600
Uttar Pradesh,Lucknow,Sadar,Man Bhouna,143353
Uttar Pradesh,Lucknow,Sadar,Maura,143369
Uttar Pradesh,Lucknow,Sadar,Mehoura,143454
Uttar Pradesh,Lucknow,Sadar,Mohammadpur Khatri,941601
Uttar Pradesh,Lucknow,Sadar,Mubarakpur,143392
Uttar Pradesh,Lucknow,Sadar,Muhinuddin Pur,143374
Uttar Pradesh,Lucknow,Sadar,Mutkkipur,143440
Uttar Pradesh,Lucknow,Sadar,Muzaffar Nagar,143379
Uttar Pradesh,Lucknow,Sadar,Narendi,143452
Uttar Pradesh,Lucknow,Sadar,Narona,143434
Uttar Pradesh,Lucknow,Sadar,Naubasta Kala,143442
Uttar Pradesh,Lucknow,Sadar,Nijampur Malhour,143456
Uttar Pradesh,Lucknow,Sadar,Nizamuddin Pur,941602
Uttar Pradesh,Lucknow,Sadar,Noubasta Khurd,941603
Uttar Pradesh,Lucknow,Sadar,Padra,143355
Uttar Pradesh,Lucknow,Sadar,Paharpur,941604
Uttar Pradesh,Lucknow,Sadar,Pahiaajampur,143385
Uttar Pradesh,Lucknow,Sadar,Paliya,143377
Uttar Pradesh,Lucknow,Sadar,Papnamau,143444
Uttar Pradesh,Lucknow,Sadar,Para,941605
Uttar Pradesh,Lucknow,Sadar,Peer Nagar,941606
Uttar Pradesh,Lucknow,Sadar,Puraniya,941607
Uttar Pradesh,Lucknow,Sadar,Raheem Nagar Dudouli,941608
Uttar Pradesh,Lucknow,Sadar,Raipur,143441
Uttar Pradesh,Lucknow,Sadar,Raitaspur,941609
Uttar Pradesh,Lucknow,Sadar,Raniya Mau,143361
Uttar Pradesh,Lucknow,Sadar,Ratoli,143537
Uttar Pradesh,Lucknow,Sadar,Raypur,143380
Uttar Pradesh,Lucknow,Sadar,Rooppur Khadra,941610
Uttar Pradesh,Lucknow,Sadar,Saidpur Maheri,143376
Uttar Pradesh,Lucknow,Sadar,Saiphalpur,143411
Uttar Pradesh,Lucknow,Sadar,Saitha,143368
Uttar Pradesh,Lucknow,Sadar,Salempur Patoura,143381
Uttar Pradesh,Lucknow,Sadar,Samiuddinpur,941611
Uttar Pradesh,Lucknow,Sadar,Sarai Alipur,143414
Uttar Pradesh,Lucknow,Sadar,Sarai Shekh,143450
Uttar Pradesh,Lucknow,Sadar,Saraipremraj,143370
Uttar Pradesh,Lucknow,Sadar,Sarsanda,143364
Uttar Pradesh,Lucknow,Sadar,Semra,143448
Uttar Pradesh,Lucknow,Sadar,Semra Gourhi,941612
Uttar Pradesh,Lucknow,Sadar,Shahpur,143398
Uttar Pradesh,Lucknow,Sadar,Shahpur,143449
Uttar Pradesh,Lucknow,Sadar,Shekhapur,941613
Uttar Pradesh,Lucknow,Sadar,Shekhpur Habibpur,941614
Uttar Pradesh,Lucknow,Sadar,Shekhpur Kasayla,941615
Uttar Pradesh,Lucknow,Sadar,Sherpurmau,143413
Uttar Pradesh,Lucknow,Sadar,Sikandarpur Inayat Ali,941616
Uttar Pradesh,Lucknow,Sadar,Sikandarpur Nazul,941617
Uttar Pradesh,Lucknow,Sadar,Sikanderpur Khurd,143458
Uttar Pradesh,Lucknow,Sadar,Sikrauri,143372
Uttar Pradesh,Lucknow,Sadar,Sirga Mau,143360
Uttar Pradesh,Lucknow,Sadar,Soodi,143412
Uttar Pradesh,Lucknow,Sadar,Sugamau,941618
Uttar Pradesh,Lucknow,Sadar,Takhwa Kathouta,941619
Uttar Pradesh,Lucknow,Sadar,Takrohi,941620
Uttar Pradesh,Lucknow,Sadar,Tatarpur,941621
Uttar Pradesh,Lucknow,Sadar,Tendava,143431
Uttar Pradesh,Lucknow,Sadar,Tera Khas,143451
Uttar Pradesh,Lucknow,Sadar,Thavar,143354
Uttar Pradesh,Lucknow,Sadar,Ujariyaon,941622
Uttar Pradesh,Lucknow,Sadar,Usmanpur,941623
Uttar Pradesh,Lucknow,Sadar,Uttardhauna,143446
Uttar Pradesh,Lucknow,Sadar,Vijaipur,941624
Uttar Pradesh,Lucknow,Sadar,Zafarpur Urf Rukunddinpur,941625
Uttar Pradesh,Varanasi,Pindra,Adhikatiya Khurd,208532
Uttar Pradesh,Varanasi,Pindra,Adhkatiya Kala Khas,208529
Uttar Pradesh,Varanasi,Pindra,Aharak,208706
Uttar Pradesh,Varanasi,Pindra,Ahiran,208848
Uttar Pradesh,Varanasi,Pindra,Ahirani,208466
Uttar Pradesh,Varanasi,Pindra,Ajaipur,208648
Uttar Pradesh,Varanasi,Pindra,Akorha,208540
Uttar Pradesh,Varanasi,Pindra,Amaut,208658
Uttar Pradesh,Varanasi,Pindra,Amawar,208791
Uttar Pradesh,Varanasi,Pindra,Amilo,208523
Uttar Pradesh,Varanasi,Pindra,Aneai,208515
Uttar Pradesh,Varanasi,Pindra,Anegpur,208825
Uttar Pradesh,Varanasi,Pindra,Anura,208820
Uttar Pradesh,Varanasi,Pindra,Araji Hasanpur,208547
Uttar Pradesh,Varanasi,Pindra,Arazi Tari,208462
Uttar Pradesh,Varanasi,Pindra,Ashapur,208830
Uttar Pradesh,Varanasi,Pindra,Ashwari,208470
Uttar Pradesh,Varanasi,Pindra,Asman Patti,208617
Uttar Pradesh,Varanasi,Pindra,Aswalpur,208650
Uttar Pradesh,Varanasi,Pindra,Auraon,208639
Uttar Pradesh,Varanasi,Pindra,Ausanpur,208818
Uttar Pradesh,Varanasi,Pindra,Azoarepur,208460
Uttar Pradesh,Varanasi,Pindra,Babatpur,208723
Uttar Pradesh,Varanasi,Pindra,Bachaura,208442
Uttar Pradesh,Varanasi,Pindra,Badhauna,208594
Uttar Pradesh,Varanasi,Pindra,Baghaita,208731
Uttar Pradesh,Varanasi,Pindra,Baharipur,208710
Uttar Pradesh,Varanasi,Pindra,Bahoripur,208794
Uttar Pradesh,Varanasi,Pindra,Bahutara,208481
Uttar Pradesh,Varanasi,Pindra,Baikunthpur,208689
Uttar Pradesh,Varanasi,Pindra,Bairana,208538
Uttar Pradesh,Varanasi,Pindra,Bajhiya,208793
Uttar Pradesh,Varanasi,Pindra,Balipur,208713
Uttar Pradesh,Varanasi,Pindra,Balrampur,208554
Uttar Pradesh,Varanasi,Pindra,Balua,208571
Uttar Pradesh,Varanasi,Pindra,Bamokhar,208725
Uttar Pradesh,Varanasi,Pindra,Banarsipur,208439
Uttar Pradesh,Varanasi,Pindra,Baragaon (CT),208865
Uttar Pradesh,Varanasi,Pindra,Barai,208447
Uttar Pradesh,Varanasi,Pindra,Baraipur,208683
Uttar Pradesh,Varanasi,Pindra,Barbaspur,208668
Uttar Pradesh,Varanasi,Pindra,Barhi Newada,208450
Uttar Pradesh,Varanasi,Pindra,Barhikala,208449
Uttar Pradesh,Varanasi,Pindra,Barwan,208591
Uttar Pradesh,Varanasi,Pindra,Barwapur,208551
Uttar Pradesh,Varanasi,Pindra,Barzi,208443
Uttar Pradesh,Varanasi,Pindra,Basantpura,208614
Uttar Pradesh,Varanasi,Pindra,Basawn,208681
Uttar Pradesh,Varanasi,Pindra,Basni,208486
Uttar Pradesh,Varanasi,Pindra,Bauliya,208570
Uttar Pradesh,Varanasi,Pindra,Bazar Patti,208838
Uttar Pradesh,Varanasi,Pindra,Bedi,208784
Uttar Pradesh,Varanasi,Pindra,Belari,208624
Uttar Pradesh,Varanasi,Pindra,Belawa,208477
Uttar Pradesh,Varanasi,Pindra,Berwa,208813
Uttar Pradesh,Varanasi,Pindra,Beshipur,208709
Uttar Pradesh,Varanasi,Pindra,Bhadewli,208599
Uttar Pradesh,Varanasi,Pindra,Bhagtupur,208841
Uttar Pradesh,Varanasi,Pindra,Bhagwanpur,208487
Uttar Pradesh,Varanasi,Pindra,Bhagwanpur,208852
Uttar Pradesh,Varanasi,Pindra,Bhagwatipur,208608
Uttar Pradesh,Varanasi,Pindra,Bhai,208629
Uttar Pradesh,Varanasi,Pindra,Bhanpur,208628
Uttar Pradesh,Varanasi,Pindra,Bharathipur,208735
Uttar Pradesh,Varanasi,Pindra,Bharthara,208478
Uttar Pradesh,Varanasi,Pindra,Bharthipur,208512
Uttar Pradesh,Varanasi,Pindra,Bharvandha,208643
Uttar Pradesh,Varanasi,Pindra,Bhatauli,208810
Uttar Pradesh,Varanasi,Pindra,Bhatpurwan,208682
Uttar Pradesh,Varanasi,Pindra,Bhawanipur,208455
Uttar Pradesh,Varanasi,Pindra,Bhayath,208767
Uttar Pradesh,Varanasi,Pindra,Bhelkha,208833
Uttar Pradesh,Varanasi,Pindra,Bhiti,208510
Uttar Pradesh,Varanasi,Pindra,Bhobhi,208779
Uttar Pradesh,Varanasi,Pindra,Bhopapur,208766
Uttar Pradesh,Varanasi,Pindra,Bhupatpur,208754
Uttar Pradesh,Varanasi,Pindra,Bhurkunda,208645
Uttar Pradesh,Varanasi,Pindra,Bikapur,208448
Uttar Pradesh,Varanasi,Pindra,Binda,208575
Uttar Pradesh,Varanasi,Pindra,Bira Patti,208790
Uttar Pradesh,Varanasi,Pindra,Biraon,208552
Uttar Pradesh,Varanasi,Pindra,Bishwanathpur,208556
Uttar Pradesh,Varanasi,Pindra,Bisunpur,208828
Uttar Pradesh,Varanasi,Pindra,Buchi,208665
Uttar Pradesh,Varanasi,Pindra,Burwan,208694
Uttar Pradesh,Varanasi,Pindra,Chak Bankat,208533
Uttar Pradesh,Varanasi,Pindra,Chak Barai,208444
Uttar Pradesh,Varanasi,Pindra,Chak Bhatan,208516
Uttar Pradesh,Varanasi,Pindra,Chak Chadara,208524
Uttar Pradesh,Varanasi,Pindra,Chak Chamran,208519
Uttar Pradesh,Varanasi,Pindra,Chak Dulla,208615
Uttar Pradesh,Varanasi,Pindra,Chak Kharawan,208505
Uttar Pradesh,Varanasi,Pindra,Chak Lakhansipur,208502
Uttar Pradesh,Varanasi,Pindra,Chak Machhiya,208518
Uttar Pradesh,Varanasi,Pindra,Chakarma,208674
Uttar Pradesh,Varanasi,Pindra,Chakender,208483
Uttar Pradesh,Varanasi,Pindra,Chakiya,208543
Uttar Pradesh,Varanasi,Pindra,Chakka,208814
Uttar Pradesh,Varanasi,Pindra,Chakmalsi,208437
Uttar Pradesh,Varanasi,Pindra,Chamawn,208846
Uttar Pradesh,Varanasi,Pindra,Chamru,208678
Uttar Pradesh,Varanasi,Pindra,Chandi Patti,208823
Uttar Pradesh,Varanasi,Pindra,Changwar,208548
Uttar Pradesh,Varanasi,Pindra,Charo,208598
Uttar Pradesh,Varanasi,Pindra,Chaturpur,208553
Uttar Pradesh,Varanasi,Pindra,Chehara,208574
Uttar Pradesh,Varanasi,Pindra,Cherapur,208445
Uttar Pradesh,Varanasi,Pindra,Chhataon,208630
Uttar Pradesh,Varanasi,Pindra,Chilbila,208562
Uttar Pradesh,Varanasi,Pindra,Chintamanpur,208659
Uttar Pradesh,Varanasi,Pindra,Chitaura,208622
Uttar Pradesh,Varanasi,Pindra,Chiura Patti,208732
Uttar Pradesh,Varanasi,Pindra,Chiurapur,208722
Uttar Pradesh,Varanasi,Pindra,Daharak,208711
Uttar Pradesh,Varanasi,Pindra,Dallipur,208452
Uttar Pradesh,Varanasi,Pindra,Dallipur,208700
Uttar Pradesh,Varanasi,Pindra,Dandupur,208535
Uttar Pradesh,Varanasi,Pindra,Darapur,208469
Uttar Pradesh,Varanasi,Pindra,Darunpur,208705
Uttar Pradesh,Varanasi,Pindra,Dasepur,208839
Uttar Pradesh,Varanasi,Pindra,Dashrathpur,208604
Uttar Pradesh,Varanasi,Pindra,Dayalipur,208685
Uttar Pradesh,Varanasi,Pindra,Dayalpur Kala,208744
Uttar Pradesh,Varanasi,Pindra,Dayalpur Khurd,208745
Uttar Pradesh,Varanasi,Pindra,Debathua,208436
Uttar Pradesh,Varanasi,Pindra,Deorai,208631
Uttar Pradesh,Varanasi,Pindra,Deoriya,208762
Uttar Pradesh,Varanasi,Pindra,Devchandpur,208475
Uttar Pradesh,Varanasi,Pindra,Devji,208590
Uttar Pradesh,Varanasi,Pindra,Devonathpur,208792
Uttar Pradesh,Varanasi,Pindra,Dhaneshri,208837
Uttar Pradesh,Varanasi,Pindra,Dhanespatti,208801
Uttar Pradesh,Varanasi,Pindra,Dhanrajaipur,208511
Uttar Pradesh,Varanasi,Pindra,Dharmanpur,208695
Uttar Pradesh,Varanasi,Pindra,Dharsauna,208633
Uttar Pradesh,Varanasi,Pindra,Dhora,208440
Uttar Pradesh,Varanasi,Pindra,Dhoraipur,208517
Uttar Pradesh,Varanasi,Pindra,Dinapur,208559
Uttar Pradesh,Varanasi,Pindra,Dindaspur,208625
Uttar Pradesh,Varanasi,Pindra,Dithiya,208742
Uttar Pradesh,Varanasi,Pindra,Dubeypur,208741
Uttar Pradesh,Varanasi,Pindra,Dudilpur,208698
Uttar Pradesh,Varanasi,Pindra,Duniyapur,208816
Uttar Pradesh,Varanasi,Pindra,Eshipur,208499
Uttar Pradesh,Varanasi,Pindra,Fatehpur,208498
Uttar Pradesh,Varanasi,Pindra,Fattepur,208457
Uttar Pradesh,Varanasi,Pindra,Fattepur (Hiramanpur),208684
Uttar Pradesh,Varanasi,Pindra,Gadar,208671
Uttar Pradesh,Varanasi,Pindra,Gagarwarpur,208819
Uttar Pradesh,Varanasi,Pindra,Gajapur,208567
Uttar Pradesh,Varanasi,Pindra,Gajendra,208662
Uttar Pradesh,Varanasi,Pindra,Gajokhar,208595
Uttar Pradesh,Varanasi,Pindra,Gang Khurd,208495
Uttar Pradesh,Varanasi,Pindra,Gangapur,208690
Uttar Pradesh,Varanasi,Pindra,Gangkala,208494
Uttar Pradesh,Varanasi,Pindra,Ganzari,208680
Uttar Pradesh,Varanasi,Pindra,Garhwa,208805
Uttar Pradesh,Varanasi,Pindra,Garkhara,208610
Uttar Pradesh,Varanasi,Pindra,Garthma,208676
Uttar Pradesh,Varanasi,Pindra,Gaura,208764
Uttar Pradesh,Varanasi,Pindra,Ghamahapur,208473
Uttar Pradesh,Varanasi,Pindra,Ghamhapur,208688
Uttar Pradesh,Varanasi,Pindra,Ghamhapur,208853
Uttar Pradesh,Varanasi,Pindra,Ghoghali,208663
Uttar Pradesh,Varanasi,Pindra,Godiya,208584
Uttar Pradesh,Varanasi,Pindra,Goghari,208669
Uttar Pradesh,Varanasi,Pindra,Gokulpur,208811
Uttar Pradesh,Varanasi,Pindra,Gopal Patti,208721
Uttar Pradesh,Varanasi,Pindra,Gopalpur,208738
Uttar Pradesh,Varanasi,Pindra,Gori,208746
Uttar Pradesh,Varanasi,Pindra,Gosaipoor,208821
Uttar Pradesh,Varanasi,Pindra,Gosayeepur,208770
Uttar Pradesh,Varanasi,Pindra,Hamirapur,208471
Uttar Pradesh,Varanasi,Pindra,Hardasipur,208772
Uttar Pradesh,Varanasi,Pindra,Harehu,208572
Uttar Pradesh,Varanasi,Pindra,Harhua,208836
Uttar Pradesh,Varanasi,Pindra,Harinathpur,208451
Uttar Pradesh,Varanasi,Pindra,Harirampur,208788
Uttar Pradesh,Varanasi,Pindra,Harishankar Patti,208824
Uttar Pradesh,Varanasi,Pindra,Harishankarpur,208702
Uttar Pradesh,Varanasi,Pindra,Hasanpur,208549
Uttar Pradesh,Varanasi,Pindra,Hathiwar,208759
Uttar Pradesh,Varanasi,Pindra,Hiramanpur,208597
Uttar Pradesh,Varanasi,Pindra,Hirapur,208765
Uttar Pradesh,Varanasi,Pindra,Indalpur,208831
Uttar Pradesh,Varanasi,Pindra,Inderkhapur,208761
Uttar Pradesh,Varanasi,Pindra,Inderwar,208799
Uttar Pradesh,Varanasi,Pindra,Indrapur,208747
Uttar Pradesh,Varanasi,Pindra,Isarwarpur,208566
Uttar Pradesh,Varanasi,Pindra,Itha,208560
Uttar Pradesh,Varanasi,Pindra,Jaddupur,208482
Uttar Pradesh,Varanasi,Pindra,Jagasi Patti,208798
Uttar Pradesh,Varanasi,Pindra,Jagdishpur,208657
Uttar Pradesh,Varanasi,Pindra,Jaipar,208781
Uttar Pradesh,Varanasi,Pindra,Jait Patti,208832
Uttar Pradesh,Varanasi,Pindra,Jalalpur,208592
Uttar Pradesh,Varanasi,Pindra,Jamalpur,208726
Uttar Pradesh,Varanasi,Pindra,Jamapur,208651
Uttar Pradesh,Varanasi,Pindra,Janak Patti,208454
Uttar Pradesh,Varanasi,Pindra,Jathi,208611
Uttar Pradesh,Varanasi,Pindra,Jawalpatti,208802
Uttar Pradesh,Varanasi,Pindra,Jhanjhaur,208646
Uttar Pradesh,Varanasi,Pindra,Kachhiya,208634
Uttar Pradesh,Varanasi,Pindra,Kaharaka,208642
Uttar Pradesh,Varanasi,Pindra,Kailhat,208842
Uttar Pradesh,Varanasi,Pindra,Kaithauli,208484
Uttar Pradesh,Varanasi,Pindra,Kaithauli,208522
Uttar Pradesh,Varanasi,Pindra,Kamapur,208635
Uttar Pradesh,Varanasi,Pindra,Kanakpur,208640
Uttar Pradesh,Varanasi,Pindra,Kaniyar,208555
Uttar Pradesh,Varanasi,Pindra,Karampur,208491
Uttar Pradesh,Varanasi,Pindra,Karemua,208613
Uttar Pradesh,Varanasi,Pindra,Karkhiyaon,208581
Uttar Pradesh,Varanasi,Pindra,Karmi,208687
Uttar Pradesh,Varanasi,Pindra,Karoma,208817
Uttar Pradesh,Varanasi,Pindra,Kashipur,208626
Uttar Pradesh,Varanasi,Pindra,Katharawan,208582
Uttar Pradesh,Varanasi,Pindra,Kathauna,208600
Uttar Pradesh,Varanasi,Pindra,Kathiraon,208434
Uttar Pradesh,Varanasi,Pindra,Kavirampur,208497
Uttar Pradesh,Varanasi,Pindra,Khadagpur,208855
Uttar Pradesh,Varanasi,Pindra,Khajuhi,208733
Uttar Pradesh,Varanasi,Pindra,Khalishpur,208587
Uttar Pradesh,Varanasi,Pindra,Khaliya,208756
Uttar Pradesh,Varanasi,Pindra,Khan Patti,208786
Uttar Pradesh,Varanasi,Pindra,Kharagpur,208638
Uttar Pradesh,Varanasi,Pindra,Kharariya Taluka Birawn,208506
Uttar Pradesh,Varanasi,Pindra,Kharawan,208503
Uttar Pradesh,Varanasi,Pindra,Khari,208780
Uttar Pradesh,Varanasi,Pindra,Khariya Khas,208507
Uttar Pradesh,Varanasi,Pindra,Khataura,208479
Uttar Pradesh,Varanasi,Pindra,Khemapur Bandobasti,208458
Uttar Pradesh,Varanasi,Pindra,Khemapur Nilami,208461
Uttar Pradesh,Varanasi,Pindra,Khuthan,208677
Uttar Pradesh,Varanasi,Pindra,Kiratpur,208655
Uttar Pradesh,Varanasi,Pindra,Koailar,208537
Uttar Pradesh,Varanasi,Pindra,Kodai,208563
Uttar Pradesh,Varanasi,Pindra,Kohiripur Kala,208752
Uttar Pradesh,Varanasi,Pindra,Koilipur Khurd,208758
Uttar Pradesh,Varanasi,Pindra,Koirajpur,208843
Uttar Pradesh,Varanasi,Pindra,Koiran,208847
Uttar Pradesh,Varanasi,Pindra,Korra,208667
Uttar Pradesh,Varanasi,Pindra,Kot Khas,208778
Uttar Pradesh,Varanasi,Pindra,Krishnapur Kala,208753
Uttar Pradesh,Varanasi,Pindra,Krisnapur Khurd,208760
Uttar Pradesh,Varanasi,Pindra,Kumbhapur,208557
Uttar Pradesh,Varanasi,Pindra,Kuri,208561
Uttar Pradesh,Varanasi,Pindra,Kuru,208564
Uttar Pradesh,Varanasi,Pindra,Kushmara,208496
Uttar Pradesh,Varanasi,Pindra,Kuwar,208472
Uttar Pradesh,Varanasi,Pindra,Lachhi Rampur,208513
Uttar Pradesh,Varanasi,Pindra,Lakhansi,208501
Uttar Pradesh,Varanasi,Pindra,Lakhmipur,208476
Uttar Pradesh,Varanasi,Pindra,Lallapur,208699
Uttar Pradesh,Varanasi,Pindra,Lokapur,208652
Uttar Pradesh,Varanasi,Pindra,Lokapur,208751
Uttar Pradesh,Varanasi,Pindra,Luchchepur,208809
Uttar Pradesh,Varanasi,Pindra,Madhopur,208849
Uttar Pradesh,Varanasi,Pindra,Madhumakhiya,208541
Uttar Pradesh,Varanasi,Pindra,Maghaipur,208796
Uttar Pradesh,Varanasi,Pindra,Mahadepur,208768
Uttar Pradesh,Varanasi,Pindra,Mahadevpur,208769
Uttar Pradesh,Varanasi,Pindra,Mahadevpur,208822
Uttar Pradesh,Varanasi,Pindra,Mahgaon,208672
Uttar Pradesh,Varanasi,Pindra,Mahimapur,208534
Uttar Pradesh,Varanasi,Pindra,Mahuari,208526
Uttar Pradesh,Varanasi,Pindra,Majhawa,208607
Uttar Pradesh,Varanasi,Pindra,Majhbhitia(Majhmitiya),208737
Uttar Pradesh,Varanasi,Pindra,Majhgawan Kala,208527
Uttar Pradesh,Varanasi,Pindra,Majhgawan Khurd,208531
Uttar Pradesh,Varanasi,Pindra,Maksudan Patti,208464
Uttar Pradesh,Varanasi,Pindra,Malhath,208435
Uttar Pradesh,Varanasi,Pindra,Mangari,208691
Uttar Pradesh,Varanasi,Pindra,Mani,208580
Uttar Pradesh,Varanasi,Pindra,Maniyacon,208748
Uttar Pradesh,Varanasi,Pindra,Mansapur,208840
Uttar Pradesh,Varanasi,Pindra,Maruee,208618
Uttar Pradesh,Varanasi,Pindra,Mirzapur,208834
Uttar Pradesh,Varanasi,Pindra,Mohanpoor,208675
Uttar Pradesh,Varanasi,Pindra,Mohanpur,208797
Uttar Pradesh,Varanasi,Pindra,Mulka,208603
Uttar Pradesh,Varanasi,Pindra,Murdi,208670
Uttar Pradesh,Varanasi,Pindra,Nadoy,208596
Uttar Pradesh,Varanasi,Pindra,Nagapur,208647
Uttar Pradesh,Varanasi,Pindra,Naikot,208664
Uttar Pradesh,Varanasi,Pindra,Nainpur,208704
Uttar Pradesh,Varanasi,Pindra,Nakati,208441
Uttar Pradesh,Varanasi,Pindra,Namapur,208717
Uttar Pradesh,Varanasi,Pindra,Nandapur,208736
Uttar Pradesh,Varanasi,Pindra,Narainpur,208636
Uttar Pradesh,Varanasi,Pindra,Narayanpur,208807
Uttar Pradesh,Varanasi,Pindra,Nathipur,208468
Uttar Pradesh,Varanasi,Pindra,Nathpur,208606
Uttar Pradesh,Varanasi,Pindra,Nawalpur,208707
Uttar Pradesh,Varanasi,Pindra,Nehiya,208693
Uttar Pradesh,Varanasi,Pindra,Newada,208509
Uttar Pradesh,Varanasi,Pindra,Newada,208692
Uttar Pradesh,Varanasi,Pindra,Newada,208749
Uttar Pradesh,Varanasi,Pindra,Newari,208644
Uttar Pradesh,Varanasi,Pindra,Nihalapur,208730
Uttar Pradesh,Varanasi,Pindra,Nimaich,208504
Uttar Pradesh,Varanasi,Pindra,Nimindipur,208795
Uttar Pradesh,Varanasi,Pindra,Nindanpur,208480
Uttar Pradesh,Varanasi,Pindra,Niwah,208734
Uttar Pradesh,Varanasi,Pindra,Noharpur,208697
Uttar Pradesh,Varanasi,Pindra,Nonauti,208777
Uttar Pradesh,Varanasi,Pindra,Noniyapur,208459
Uttar Pradesh,Varanasi,Pindra,Odar,208623
Uttar Pradesh,Varanasi,Pindra,Pachrasi,208492
Uttar Pradesh,Varanasi,Pindra,Padari,208637
Uttar Pradesh,Varanasi,Pindra,Pali Shambhupur,208775
Uttar Pradesh,Varanasi,Pindra,Pandaypur,208815
Uttar Pradesh,Varanasi,Pindra,Pandeypur,208500
Uttar Pradesh,Varanasi,Pindra,Parsaha,208714
Uttar Pradesh,Varanasi,Pindra,Parshra,208583
Uttar Pradesh,Varanasi,Pindra,Paschimpur,208521
Uttar Pradesh,Varanasi,Pindra,Pashcheempur,208712
Uttar Pradesh,Varanasi,Pindra,Pashchim Patti,208696
Uttar Pradesh,Varanasi,Pindra,Pashchimpur,208845
Uttar Pradesh,Varanasi,Pindra,Patere,208569
Uttar Pradesh,Varanasi,Pindra,Patirajpur,208602
Uttar Pradesh,Varanasi,Pindra,Patti,208627
Uttar Pradesh,Varanasi,Pindra,Patti Jaman Payagpur,208776
Uttar Pradesh,Varanasi,Pindra,Payagpur,208787
Uttar Pradesh,Varanasi,Pindra,Phatehpur Katauna,208601
Uttar Pradesh,Varanasi,Pindra,Phoolpur,208579
Uttar Pradesh,Varanasi,Pindra,Phulwariya,208558
Uttar Pradesh,Varanasi,Pindra,Pindara,208653
Uttar Pradesh,Varanasi,Pindra,Pindrai,208649
Uttar Pradesh,Varanasi,Pindra,Piyarpur,208565
Uttar Pradesh,Varanasi,Pindra,Prahaladpur,208586
Uttar Pradesh,Varanasi,Pindra,Prasadpur,208701
Uttar Pradesh,Varanasi,Pindra,Pratap Patti,208829
Uttar Pradesh,Varanasi,Pindra,Pratappur,208763
Uttar Pradesh,Varanasi,Pindra,Puari Kala,208773
Uttar Pradesh,Varanasi,Pindra,Puari Khurd,208774
Uttar Pradesh,Varanasi,Pindra,Pura Raghunathpur,208485
Uttar Pradesh,Varanasi,Pindra,Purab Patti,208729
Uttar Pradesh,Varanasi,Pindra,Purabpur,208785
Uttar Pradesh,Varanasi,Pindra,Raghurampur,208673
Uttar Pradesh,Varanasi,Pindra,Raisi Patti,208800
Uttar Pradesh,Varanasi,Pindra,Rajpur,208660
Uttar Pradesh,Varanasi,Pindra,Ramai Patti,208728
Uttar Pradesh,Varanasi,Pindra,Ramapur,208488
Uttar Pradesh,Varanasi,Pindra,Ramnagar,208661
Uttar Pradesh,Varanasi,Pindra,Ramnagar,208716
Uttar Pradesh,Varanasi,Pindra,Rampoor,208757
Uttar Pradesh,Varanasi,Pindra,Rampur,208719
Uttar Pradesh,Varanasi,Pindra,Rampur,208806
Uttar Pradesh,Varanasi,Pindra,Rampur Thana,208573
Uttar Pradesh,Varanasi,Pindra,Ramsinghpur,208826
Uttar Pradesh,Varanasi,Pindra,Rasoolpur,208755
Uttar Pradesh,Varanasi,Pindra,Rasulha,208536
Uttar Pradesh,Varanasi,Pindra,Rasulpur,208474
Uttar Pradesh,Varanasi,Pindra,Ratanpur,208493
Uttar Pradesh,Varanasi,Pindra,Ratanpur,208589
Uttar Pradesh,Varanasi,Pindra,Ratwarbangpur,208641
Uttar Pradesh,Varanasi,Pindra,Raypur,208520
Uttar Pradesh,Varanasi,Pindra,Roh,208656
Uttar Pradesh,Varanasi,Pindra,Sabhaipur,208854
Uttar Pradesh,Varanasi,Pindra,Sagunha,208490
Uttar Pradesh,Varanasi,Pindra,Sahapur,208605
Uttar Pradesh,Varanasi,Pindra,Saira,208743
Uttar Pradesh,Varanasi,Pindra,Salwahanpur,208750
Uttar Pradesh,Varanasi,Pindra,Samogara,208654
Uttar Pradesh,Varanasi,Pindra,Sarai Bena,208612
Uttar Pradesh,Varanasi,Pindra,Sarai Kalidas,208771
Uttar Pradesh,Varanasi,Pindra,Sarai Kazi,208808
Uttar Pradesh,Varanasi,Pindra,Sarai Mugal,208727
Uttar Pradesh,Varanasi,Pindra,Sarai Takki,208724
Uttar Pradesh,Varanasi,Pindra,Saraieya,208789
Uttar Pradesh,Varanasi,Pindra,Saray,208632
Uttar Pradesh,Varanasi,Pindra,Saray Shekhlad,208620
Uttar Pradesh,Varanasi,Pindra,Sarayswami,208803
Uttar Pradesh,Varanasi,Pindra,Sarhad,208666
Uttar Pradesh,Varanasi,Pindra,Sarvipur,208463
Uttar Pradesh,Varanasi,Pindra,Sehmalpur,208804
Uttar Pradesh,Varanasi,Pindra,Shahbuddinpur,208844
Uttar Pradesh,Varanasi,Pindra,Shahpur,208718
Uttar Pradesh,Varanasi,Pindra,Shaipur,208545
Uttar Pradesh,Varanasi,Pindra,Sharawa,208539
Uttar Pradesh,Varanasi,Pindra,Sharipur,208542
Uttar Pradesh,Varanasi,Pindra,Shehmalpur,208621
Uttar Pradesh,Varanasi,Pindra,Shekhanipur,208568
Uttar Pradesh,Varanasi,Pindra,Sheyarah,208544
Uttar Pradesh,Varanasi,Pindra,Shishwa,208489
Uttar Pradesh,Varanasi,Pindra,Shivpur,208619
Uttar Pradesh,Varanasi,Pindra,Shonhi,208508
Uttar Pradesh,Varanasi,Pindra,Sihipur,208550
Uttar Pradesh,Varanasi,Pindra,Sikandarpur,208851
Uttar Pradesh,Varanasi,Pindra,Sindhora,208616
Uttar Pradesh,Varanasi,Pindra,Singhapur,208827
Uttar Pradesh,Varanasi,Pindra,Siswa,208525
Uttar Pradesh,Varanasi,Pindra,Sonpurwa,208514
Uttar Pradesh,Varanasi,Pindra,Sovarana,208467
Uttar Pradesh,Varanasi,Pindra,Sujanipur,208686
Uttar Pradesh,Varanasi,Pindra,Surahee,208577
Uttar Pradesh,Varanasi,Pindra,Surawan,208812
Uttar Pradesh,Varanasi,Pindra,Tarapur,208679
Uttar Pradesh,Varanasi,Pindra,Tari,208456
Uttar Pradesh,Varanasi,Pindra,Taridih,208453
Uttar Pradesh,Varanasi,Pindra,Tarsara,208438
Uttar Pradesh,Varanasi,Pindra,Telari,208546
Uttar Pradesh,Varanasi,Pindra,Telari Urf Narayanpur,208609
Uttar Pradesh,Varanasi,Pindra,Tetua,208465
Uttar Pradesh,Varanasi,Pindra,Thana,208578
Uttar Pradesh,Varanasi,Pindra,Thari,208576
Uttar Pradesh,Varanasi,Pindra,Thatra,208446
Uttar Pradesh,Varanasi,Pindra,Tikari Kala,208739
Uttar Pradesh,Varanasi,Pindra,Tikari Khurd,208740
Uttar Pradesh,Varanasi,Pindra,Tilawar,208530
Uttar Pradesh,Varanasi,Pindra,Tiwaripur,208703
Uttar Pradesh,Varanasi,Pindra,Tulsi Patti,208850
Uttar Pradesh,Varanasi,Pindra,Udhopur,208585
Uttar Pradesh,Varanasi,Pindra,Udpur,208593
Uttar Pradesh,Varanasi,Pindra,Undi,208782
Uttar Pradesh,Varanasi,Pindra,Vijai Patti,208708
Uttar Pradesh,Varanasi,Pindra,Vikrampur,208588
Uttar Pradesh,Varanasi,Pindra,Virdawalpur,208720
Uttar Pradesh,Varanasi,Pindra,Virshapur,208528
Uttar Pradesh,Varanasi,Pindra,War,208715
Uttar Pradesh,Varanasi,Pindra,Wazidpur,208835
Uttar Pradesh,Varanasi,Rajatalab,Adamapur,209207
Uttar Pradesh,Varanasi,Rajatalab,Amini,209203
Uttar Pradesh,Varanasi,Rajatalab,Amripur,209090
Uttar Pradesh,Varanasi,Rajatalab,Appi,209281
Uttar Pradesh,Varanasi,Rajatalab,Arajiline,209416
Uttar Pradesh,Varanasi,Rajatalab,Arjunpur,209205
Uttar Pradesh,Varanasi,Rajatalab,Arka Kansriapur,209128
Uttar Pradesh,Varanasi,Rajatalab,Ashar,209253
Uttar Pradesh,Varanasi,Rajatalab,Aswari,209377
Uttar Pradesh,Varanasi,Rajatalab,Atarsuia,209220
Uttar Pradesh,Varanasi,Rajatalab,Atarsuiya,209237
Uttar Pradesh,Varanasi,Rajatalab,Ayodhyapur,209297
Uttar Pradesh,Varanasi,Rajatalab,Babhaniyav,209423
Uttar Pradesh,Varanasi,Rajatalab,Babua Pur,209059
Uttar Pradesh,Varanasi,Rajatalab,Badhaini Khurd,209364
Uttar Pradesh,Varanasi,Rajatalab,Badipur,209246
Uttar Pradesh,Varanasi,Rajatalab,Bagher,209342
Uttar Pradesh,Varanasi,Rajatalab,Bahadurpur,209403
Uttar Pradesh,Varanasi,Rajatalab,Bahedava,209254
Uttar Pradesh,Varanasi,Rajatalab,Baherwa,209414
Uttar Pradesh,Varanasi,Rajatalab,Bahoranpur,209424
Uttar Pradesh,Varanasi,Rajatalab,Bahra,209096
Uttar Pradesh,Varanasi,Rajatalab,Baijal Pur,209110
Uttar Pradesh,Varanasi,Rajatalab,Bairwan,209354
Uttar Pradesh,Varanasi,Rajatalab,Bajardeeh,209044
Uttar Pradesh,Varanasi,Rajatalab,Bakhani,209490
Uttar Pradesh,Varanasi,Rajatalab,Balirampur,209485
Uttar Pradesh,Varanasi,Rajatalab,Banauli,209048
Uttar Pradesh,Varanasi,Rajatalab,Bandepur,209522
Uttar Pradesh,Varanasi,Rajatalab,Bangalipur,209321
Uttar Pradesh,Varanasi,Rajatalab,Bankat,209159
Uttar Pradesh,Varanasi,Rajatalab,Bansipur,209252
Uttar Pradesh,Varanasi,Rajatalab,Bara Dih,209046
Uttar Pradesh,Varanasi,Rajatalab,Barani,209080
Uttar Pradesh,Varanasi,Rajatalab,Baraura,209219
Uttar Pradesh,Varanasi,Rajatalab,Barema,209088
Uttar Pradesh,Varanasi,Rajatalab,Barhaini Kala,209367
Uttar Pradesh,Varanasi,Rajatalab,Barikhpur,209387
Uttar Pradesh,Varanasi,Rajatalab,Barki,209168
Uttar Pradesh,Varanasi,Rajatalab,Barsata,209161
Uttar Pradesh,Varanasi,Rajatalab,Basant Ptti,209349
Uttar Pradesh,Varanasi,Rajatalab,Basantpoor,209371
Uttar Pradesh,Varanasi,Rajatalab,Basantpur,209275
Uttar Pradesh,Varanasi,Rajatalab,Basawan Chak,209133
Uttar Pradesh,Varanasi,Rajatalab,Basbariya,209102
Uttar Pradesh,Varanasi,Rajatalab,Basuhan Chak,209211
Uttar Pradesh,Varanasi,Rajatalab,Bazar Kalika,209045
Uttar Pradesh,Varanasi,Rajatalab,Belauri,209324
Uttar Pradesh,Varanasi,Rajatalab,Belwa,209164
Uttar Pradesh,Varanasi,Rajatalab,Benipur (CT),209729
Uttar Pradesh,Varanasi,Rajatalab,Beruka,209282
Uttar Pradesh,Varanasi,Rajatalab,Beshupur,209054
Uttar Pradesh,Varanasi,Rajatalab,Bhadarasi,209440
Uttar Pradesh,Varanasi,Rajatalab,Bhanjanpur,209257
Uttar Pradesh,Varanasi,Rajatalab,Bharaharia,209163
Uttar Pradesh,Varanasi,Rajatalab,Bharaon,209294
Uttar Pradesh,Varanasi,Rajatalab,Bhareha,209232
Uttar Pradesh,Varanasi,Rajatalab,Bharehara,209231
Uttar Pradesh,Varanasi,Rajatalab,Bhataulee,209097
Uttar Pradesh,Varanasi,Rajatalab,Bhatshar,209291
Uttar Pradesh,Varanasi,Rajatalab,Bhawanipur,209428
Uttar Pradesh,Varanasi,Rajatalab,Bhgautipur,209049
Uttar Pradesh,Varanasi,Rajatalab,Bhikhampur,209393
Uttar Pradesh,Varanasi,Rajatalab,Bhikharipur,209316
Uttar Pradesh,Varanasi,Rajatalab,Bhikhipur,209250
Uttar Pradesh,Varanasi,Rajatalab,Bhimchandi,209378
Uttar Pradesh,Varanasi,Rajatalab,Bhishampur,209126
Uttar Pradesh,Varanasi,Rajatalab,Bhitkuri,209053
Uttar Pradesh,Varanasi,Rajatalab,Bhoju pur,209227
Uttar Pradesh,Varanasi,Rajatalab,Bhor Khurd,209186
Uttar Pradesh,Varanasi,Rajatalab,Bhorkala,209190
Uttar Pradesh,Varanasi,Rajatalab,Bhuilaee,209086
Uttar Pradesh,Varanasi,Rajatalab,Bhuwalpur,209318
Uttar Pradesh,Varanasi,Rajatalab,Bidahar,209145
Uttar Pradesh,Varanasi,Rajatalab,Bimauri,209256
Uttar Pradesh,Varanasi,Rajatalab,Birampur,209141
Uttar Pradesh,Varanasi,Rajatalab,Birapur,209189
Uttar Pradesh,Varanasi,Rajatalab,Birbalpur,209241
Uttar Pradesh,Varanasi,Rajatalab,Birbhanpur (CT),209733
Uttar Pradesh,Varanasi,Rajatalab,Birsinghpur,209296
Uttar Pradesh,Varanasi,Rajatalab,Bisunpur,209481
Uttar Pradesh,Varanasi,Rajatalab,Biththalpur,209300
Uttar Pradesh,Varanasi,Rajatalab,Brijwasi Chak,209306
Uttar Pradesh,Varanasi,Rajatalab,Burapur,209381
Uttar Pradesh,Varanasi,Rajatalab,Chak Amilaha,209134
Uttar Pradesh,Varanasi,Rajatalab,Chak Chelawa,209106
Uttar Pradesh,Varanasi,Rajatalab,Chak Darsan,209341
Uttar Pradesh,Varanasi,Rajatalab,Chak Mataldei,209361
Uttar Pradesh,Varanasi,Rajatalab,Chak Sonbarsa,209127
Uttar Pradesh,Varanasi,Rajatalab,Chakarpanpur,209255
Uttar Pradesh,Varanasi,Rajatalab,Chakaterua,209187
Uttar Pradesh,Varanasi,Rajatalab,Chakdiha,209370
Uttar Pradesh,Varanasi,Rajatalab,Chakdiharam,209327
Uttar Pradesh,Varanasi,Rajatalab,Chaklola,209119
Uttar Pradesh,Varanasi,Rajatalab,Chaktal Parewa,209208
Uttar Pradesh,Varanasi,Rajatalab,Chandapur,209382
Uttar Pradesh,Varanasi,Rajatalab,Chaukhandi,209284
Uttar Pradesh,Varanasi,Rajatalab,Chaur,209167
Uttar Pradesh,Varanasi,Rajatalab,Chhateri Manapur,209180
Uttar Pradesh,Varanasi,Rajatalab,Chhitauni,209650
Uttar Pradesh,Varanasi,Rajatalab,Chitarsenpur,209181
Uttar Pradesh,Varanasi,Rajatalab,Chittapur,209320
Uttar Pradesh,Varanasi,Rajatalab,Coraut,209298
Uttar Pradesh,Varanasi,Rajatalab,Dabethuwa,209148
Uttar Pradesh,Varanasi,Rajatalab,Dafalpur,209489
Uttar Pradesh,Varanasi,Rajatalab,Daghariya,209230
Uttar Pradesh,Varanasi,Rajatalab,Dalpattipur,209160
Uttar Pradesh,Varanasi,Rajatalab,Dandoopur,209056
Uttar Pradesh,Varanasi,Rajatalab,Darekhu,209350
Uttar Pradesh,Varanasi,Rajatalab,Dasarath Chak,209386
Uttar Pradesh,Varanasi,Rajatalab,Dashrathpur,209272
Uttar Pradesh,Varanasi,Rajatalab,Daudpur,209477
Uttar Pradesh,Varanasi,Rajatalab,Daulatiya,209149
Uttar Pradesh,Varanasi,Rajatalab,Dayapur,209095
Uttar Pradesh,Varanasi,Rajatalab,Dayapur,209330
Uttar Pradesh,Varanasi,Rajatalab,Deipur,209217
Uttar Pradesh,Varanasi,Rajatalab,Deuara,209442
Uttar Pradesh,Varanasi,Rajatalab,Deura Chak,209439
Uttar Pradesh,Varanasi,Rajatalab,Devopalpur,209212
Uttar Pradesh,Varanasi,Rajatalab,Dewapur Kala,209193
Uttar Pradesh,Varanasi,Rajatalab,Dewapur Khurd,209195
Uttar Pradesh,Varanasi,Rajatalab,Dhadhorpur,209390
Uttar Pradesh,Varanasi,Rajatalab,Dhanapur,209419
Uttar Pradesh,Varanasi,Rajatalab,Dhanipur,209223
Uttar Pradesh,Varanasi,Rajatalab,Dhanpalpur,209357
Uttar Pradesh,Varanasi,Rajatalab,Dholapur,209435
Uttar Pradesh,Varanasi,Rajatalab,Dhoraee,209258
Uttar Pradesh,Varanasi,Rajatalab,Dilavalpur,209124
Uttar Pradesh,Varanasi,Rajatalab,Dindaspur (CT),209731
Uttar Pradesh,Varanasi,Rajatalab,Dipapur,209380
Uttar Pradesh,Varanasi,Rajatalab,Domaila,209176
Uttar Pradesh,Varanasi,Rajatalab,Domanpur,209194
Uttar Pradesh,Varanasi,Rajatalab,Dubepur,209144
Uttar Pradesh,Varanasi,Rajatalab,Ekdanga,209107
Uttar Pradesh,Varanasi,Rajatalab,Faridpur,209491
Uttar Pradesh,Varanasi,Rajatalab,Gaddopur,209098
Uttar Pradesh,Varanasi,Rajatalab,Gaharpur,209136
Uttar Pradesh,Varanasi,Rajatalab,Gaharpur,209270
Uttar Pradesh,Varanasi,Rajatalab,Gairaha,209040
Uttar Pradesh,Varanasi,Rajatalab,Gajapur,209394
Uttar Pradesh,Varanasi,Rajatalab,Gajari,209336
Uttar Pradesh,Varanasi,Rajatalab,Gajepur,209065
Uttar Pradesh,Varanasi,Rajatalab,Ganeshpur,209264
Uttar Pradesh,Varanasi,Rajatalab,Gangpur,209444
Uttar Pradesh,Varanasi,Rajatalab,Gaur Madhukar Shahpur,209248
Uttar Pradesh,Varanasi,Rajatalab,Gaurra,209362
Uttar Pradesh,Varanasi,Rajatalab,Gazapur,209155
Uttar Pradesh,Varanasi,Rajatalab,Ghamahapur,903860
Uttar Pradesh,Varanasi,Rajatalab,Ghamhapur,209226
Uttar Pradesh,Varanasi,Rajatalab,Ghatmpur,209482
Uttar Pradesh,Varanasi,Rajatalab,Ghosila,209146
Uttar Pradesh,Varanasi,Rajatalab,Gobindpur,209421
Uttar Pradesh,Varanasi,Rajatalab,Gobindpur,209462
Uttar Pradesh,Varanasi,Rajatalab,Gogawa,209070
Uttar Pradesh,Varanasi,Rajatalab,Gopal Chak,209379
Uttar Pradesh,Varanasi,Rajatalab,Gopal Pur,209052
Uttar Pradesh,Varanasi,Rajatalab,Gopalpur,209478
Uttar Pradesh,Varanasi,Rajatalab,Gopipur,209302
Uttar Pradesh,Varanasi,Rajatalab,Gorai,209215
Uttar Pradesh,Varanasi,Rajatalab,Gosai Pur,209115
Uttar Pradesh,Varanasi,Rajatalab,Govindpoor,209376
Uttar Pradesh,Varanasi,Rajatalab,Govindpur,209269
Uttar Pradesh,Varanasi,Rajatalab,Guria,209178
Uttar Pradesh,Varanasi,Rajatalab,Gurudaspur,209243
Uttar Pradesh,Varanasi,Rajatalab,Harbhampur,209043
Uttar Pradesh,Varanasi,Rajatalab,Hardaspur,209323
Uttar Pradesh,Varanasi,Rajatalab,Hardattpur,209355
Uttar Pradesh,Varanasi,Rajatalab,Harihar Pur,209094
Uttar Pradesh,Varanasi,Rajatalab,Harirampur,209251
Uttar Pradesh,Varanasi,Rajatalab,Harnampur,209374
Uttar Pradesh,Varanasi,Rajatalab,Harpur,209314
Uttar Pradesh,Varanasi,Rajatalab,Harsos,209307
Uttar Pradesh,Varanasi,Rajatalab,Hathi,209112
Uttar Pradesh,Varanasi,Rajatalab,Hinttapur,209137
Uttar Pradesh,Varanasi,Rajatalab,Hirampur,209084
Uttar Pradesh,Varanasi,Rajatalab,Hirapur,209222
Uttar Pradesh,Varanasi,Rajatalab,Hridaipur,942043
Uttar Pradesh,Varanasi,Rajatalab,Isharwar,209050
Uttar Pradesh,Varanasi,Rajatalab,Jaddupur,209244
Uttar Pradesh,Varanasi,Rajatalab,Jaga Patti,209085
Uttar Pradesh,Varanasi,Rajatalab,Jagardeopur,209441
Uttar Pradesh,Varanasi,Rajatalab,Jagati Pur,209041
Uttar Pradesh,Varanasi,Rajatalab,Jagatpur,209356
Uttar Pradesh,Varanasi,Rajatalab,Jagdishpur,209151
Uttar Pradesh,Varanasi,Rajatalab,Jagsipur,209221
Uttar Pradesh,Varanasi,Rajatalab,Jakhini,209411
Uttar Pradesh,Varanasi,Rajatalab,Jalalpur,209279
Uttar Pradesh,Varanasi,Rajatalab,Jameen Kardhana,209210
Uttar Pradesh,Varanasi,Rajatalab,Jameen Shivsagar,209315
Uttar Pradesh,Varanasi,Rajatalab,Jameen Sukshan,942044
Uttar Pradesh,Varanasi,Rajatalab,Jamin Bairvan,209348
Uttar Pradesh,Varanasi,Rajatalab,Jamin Hikmatshah,209343
Uttar Pradesh,Varanasi,Rajatalab,Jamin Kaneri,209340
Uttar Pradesh,Varanasi,Rajatalab,Jamin Kushi Kaitthak,209332
Uttar Pradesh,Varanasi,Rajatalab,Jamin Sulchhan,209333
Uttar Pradesh,Varanasi,Rajatalab,Jamin Tekikahar,209334
Uttar Pradesh,Varanasi,Rajatalab,Jamindarsan,209344
Uttar Pradesh,Varanasi,Rajatalab,Jammanpur,209131
Uttar Pradesh,Varanasi,Rajatalab,Jamunipur,209408
Uttar Pradesh,Varanasi,Rajatalab,Jansa,209287
Uttar Pradesh,Varanasi,Rajatalab,Jayapur,209399
Uttar Pradesh,Varanasi,Rajatalab,Jeetapur,209413
Uttar Pradesh,Varanasi,Rajatalab,Jhabra,209278
Uttar Pradesh,Varanasi,Rajatalab,Jogapur,209184
Uttar Pradesh,Varanasi,Rajatalab,Jogiyapur,209188
Uttar Pradesh,Varanasi,Rajatalab,Kachhariya,209375
Uttar Pradesh,Varanasi,Rajatalab,Kachnar (CT),209734
Uttar Pradesh,Varanasi,Rajatalab,Kaji Chak,209431
Uttar Pradesh,Varanasi,Rajatalab,Kallipur (CT),209730
Uttar Pradesh,Varanasi,Rajatalab,Kalyanpur,209430
Uttar Pradesh,Varanasi,Rajatalab,Kama Pur,209109
Uttar Pradesh,Varanasi,Rajatalab,Kamalahan,209172
Uttar Pradesh,Varanasi,Rajatalab,Kamalpur,209277
Uttar Pradesh,Varanasi,Rajatalab,Kanakpur,209373
Uttar Pradesh,Varanasi,Rajatalab,Kaneri,209339
Uttar Pradesh,Varanasi,Rajatalab,Kanhipur,209338
Uttar Pradesh,Varanasi,Rajatalab,Kanthipur,209365
Uttar Pradesh,Varanasi,Rajatalab,Kapar Phorwa,209292
Uttar Pradesh,Varanasi,Rajatalab,Kapsethi,209143
Uttar Pradesh,Varanasi,Rajatalab,Kardhana,209209
Uttar Pradesh,Varanasi,Rajatalab,Karmsipur,209268
Uttar Pradesh,Varanasi,Rajatalab,Karnadadi,209433
Uttar Pradesh,Varanasi,Rajatalab,Karsara,209524
Uttar Pradesh,Varanasi,Rajatalab,Kashipur,209289
Uttar Pradesh,Varanasi,Rajatalab,Kasipur,209438
Uttar Pradesh,Varanasi,Rajatalab,Kataiya,209233
Uttar Pradesh,Varanasi,Rajatalab,Katwaru Pur,209062
Uttar Pradesh,Varanasi,Rajatalab,Kevtan,209121
Uttar Pradesh,Varanasi,Rajatalab,Khajur Dih,209262
Uttar Pradesh,Varanasi,Rajatalab,Khajuri,209317
Uttar Pradesh,Varanasi,Rajatalab,Khalilpur,209523
Uttar Pradesh,Varanasi,Rajatalab,Khalispur,209204
Uttar Pradesh,Varanasi,Rajatalab,Khamauna,209076
Uttar Pradesh,Varanasi,Rajatalab,Khandakh,209174
Uttar Pradesh,Varanasi,Rajatalab,Kharag Rampur,209202
Uttar Pradesh,Varanasi,Rajatalab,Kharagraipur,209426
Uttar Pradesh,Varanasi,Rajatalab,Kharaura,209271
Uttar Pradesh,Varanasi,Rajatalab,Khargu Pur,209101
Uttar Pradesh,Varanasi,Rajatalab,Khemaipur,209395
Uttar Pradesh,Varanasi,Rajatalab,Khemapur,209216
Uttar Pradesh,Varanasi,Rajatalab,Khewali,209288
Uttar Pradesh,Varanasi,Rajatalab,Khewasipur,209299
Uttar Pradesh,Varanasi,Rajatalab,Khillupura,209130
Uttar Pradesh,Varanasi,Rajatalab,Khochwa,209234
Uttar Pradesh,Varanasi,Rajatalab,Khulaspur,209484
Uttar Pradesh,Varanasi,Rajatalab,Kinnupur,209185
Uttar Pradesh,Varanasi,Rajatalab,Koilo Urf Kishun Duttpur,209391
Uttar Pradesh,Varanasi,Rajatalab,Korauta,209479
Uttar Pradesh,Varanasi,Rajatalab,Kori,209239
Uttar Pradesh,Varanasi,Rajatalab,Kosara,209247
Uttar Pradesh,Varanasi,Rajatalab,Kotila,209267
Uttar Pradesh,Varanasi,Rajatalab,Kundriya,209261
Uttar Pradesh,Varanasi,Rajatalab,Kurauana Urf Rameshwar,209083
Uttar Pradesh,Varanasi,Rajatalab,Kurauna,209308
Uttar Pradesh,Varanasi,Rajatalab,Kurauti,209301
Uttar Pradesh,Varanasi,Rajatalab,Kursato,209285
Uttar Pradesh,Varanasi,Rajatalab,Kuttupur,209120
Uttar Pradesh,Varanasi,Rajatalab,Lachapur,209242
Uttar Pradesh,Varanasi,Rajatalab,Lachchhipur (Sattanpur),209069
Uttar Pradesh,Varanasi,Rajatalab,Lachhimanpur,209331
Uttar Pradesh,Varanasi,Rajatalab,Lachhipur Kurouna,209087
Uttar Pradesh,Varanasi,Rajatalab,Lachhirampur(Kosara),209263
Uttar Pradesh,Varanasi,Rajatalab,Lahiya,209192
Uttar Pradesh,Varanasi,Rajatalab,Lakhansenpur,209156
Uttar Pradesh,Varanasi,Rajatalab,Lal Chak,209437
Uttar Pradesh,Varanasi,Rajatalab,Lallapur,209238
Uttar Pradesh,Varanasi,Rajatalab,Lalpur,209199
Uttar Pradesh,Varanasi,Rajatalab,Laskariya,209418
Uttar Pradesh,Varanasi,Rajatalab,Laxirampur,209384
Uttar Pradesh,Varanasi,Rajatalab,Lenuwayi,209198
Uttar Pradesh,Varanasi,Rajatalab,Lohara Dih,209158
Uttar Pradesh,Varanasi,Rajatalab,Loharapur,209295
Uttar Pradesh,Varanasi,Rajatalab,Madhopur,209138
Uttar Pradesh,Varanasi,Rajatalab,Madhopur,209531
Uttar Pradesh,Varanasi,Rajatalab,Madhukar Shahpur,209225
Uttar Pradesh,Varanasi,Rajatalab,Mahaban,209363
Uttar Pradesh,Varanasi,Rajatalab,Mahagipur,209073
Uttar Pradesh,Varanasi,Rajatalab,Mahesh Pur,209061
Uttar Pradesh,Varanasi,Rajatalab,Mahgoan,209372
Uttar Pradesh,Varanasi,Rajatalab,Mahmdpur,209283
Uttar Pradesh,Varanasi,Rajatalab,Mahrajpur,209135
Uttar Pradesh,Varanasi,Rajatalab,Majhiyarpur,209051
Uttar Pradesh,Varanasi,Rajatalab,Majhmitiya,209142
Uttar Pradesh,Varanasi,Rajatalab,Manikpur,209400
Uttar Pradesh,Varanasi,Rajatalab,Maniyari Pur,209100
Uttar Pradesh,Varanasi,Rajatalab,Maniyari Pur(Darerhu),209351
Uttar Pradesh,Varanasi,Rajatalab,Marcha Chak,209111
Uttar Pradesh,Varanasi,Rajatalab,Mariya,209140
Uttar Pradesh,Varanasi,Rajatalab,Marui,209398
Uttar Pradesh,Varanasi,Rajatalab,Matuka,209064
Uttar Pradesh,Varanasi,Rajatalab,Mechkanpur,209276
Uttar Pradesh,Varanasi,Rajatalab,Mehadiganj,209313
Uttar Pradesh,Varanasi,Rajatalab,Milki Chack,209359
Uttar Pradesh,Varanasi,Rajatalab,Milki Pachai,209407
Uttar Pradesh,Varanasi,Rajatalab,Milkipur,209171
Uttar Pradesh,Varanasi,Rajatalab,Milkipur Seekhri,209388
Uttar Pradesh,Varanasi,Rajatalab,Mirawan,209325
Uttar Pradesh,Varanasi,Rajatalab,Mirchia,209063
Uttar Pradesh,Varanasi,Rajatalab,Mishirpur,209493
Uttar Pradesh,Varanasi,Rajatalab,Modhopur,209427
Uttar Pradesh,Varanasi,Rajatalab,Moglabir,209235
Uttar Pradesh,Varanasi,Rajatalab,Mokarwan,209152
Uttar Pradesh,Varanasi,Rajatalab,Mubarakpur,209265
Uttar Pradesh,Varanasi,Rajatalab,Mungawar,209392
Uttar Pradesh,Varanasi,Rajatalab,Musepur,209405
Uttar Pradesh,Varanasi,Rajatalab,Nabbe Chak,209434
Uttar Pradesh,Varanasi,Rajatalab,Nagaipur,209273
Uttar Pradesh,Varanasi,Rajatalab,Nagepur,209266
Uttar Pradesh,Varanasi,Rajatalab,Nakain,209497
Uttar Pradesh,Varanasi,Rajatalab,Naktuwa,209104
Uttar Pradesh,Varanasi,Rajatalab,Naraicha,209326
Uttar Pradesh,Varanasi,Rajatalab,Narayanpur,209132
Uttar Pradesh,Varanasi,Rajatalab,Narottmpur,209397
Uttar Pradesh,Varanasi,Rajatalab,Narsara,209401
Uttar Pradesh,Varanasi,Rajatalab,Narur,209487
Uttar Pradesh,Varanasi,Rajatalab,Nawalpur,209224
Uttar Pradesh,Varanasi,Rajatalab,Nayapur,209196
Uttar Pradesh,Varanasi,Rajatalab,Nayapura,209280
Uttar Pradesh,Varanasi,Rajatalab,Newada Khas,209118
Uttar Pradesh,Varanasi,Rajatalab,Newriya,209191
Uttar Pradesh,Varanasi,Rajatalab,Nidaura,209436
Uttar Pradesh,Varanasi,Rajatalab,Nimani,209122
Uttar Pradesh,Varanasi,Rajatalab,Niyaisipur,209425
Uttar Pradesh,Varanasi,Rajatalab,Nohanipur,209150
Uttar Pradesh,Varanasi,Rajatalab,Nonkharan,209213
Uttar Pradesh,Varanasi,Rajatalab,Odarha,209047
Uttar Pradesh,Varanasi,Rajatalab,Pachabanawa,209072
Uttar Pradesh,Varanasi,Rajatalab,Pachai( No1 ),209406
Uttar Pradesh,Varanasi,Rajatalab,Pachai( No2 ),209404
Uttar Pradesh,Varanasi,Rajatalab,Pachwar,209055
Uttar Pradesh,Varanasi,Rajatalab,Paidegaon,209369
Uttar Pradesh,Varanasi,Rajatalab,Panditpur,209461
Uttar Pradesh,Varanasi,Rajatalab,Paniyara,209415
Uttar Pradesh,Varanasi,Rajatalab,Parampur,209312
Uttar Pradesh,Varanasi,Rajatalab,Parmanandpur,209486
Uttar Pradesh,Varanasi,Rajatalab,Parmanandpur (CT),209732
Uttar Pradesh,Varanasi,Rajatalab,Parsi Pur,209082
Uttar Pradesh,Varanasi,Rajatalab,Parsottampur,209175
Uttar Pradesh,Varanasi,Rajatalab,Parsupur,209432
Uttar Pradesh,Varanasi,Rajatalab,Patre Chak,209089
Uttar Pradesh,Varanasi,Rajatalab,Pausi,209245
Uttar Pradesh,Varanasi,Rajatalab,Payagpur,209360
Uttar Pradesh,Varanasi,Rajatalab,Peduka,209081
Uttar Pradesh,Varanasi,Rajatalab,Pilkhani,209480
Uttar Pradesh,Varanasi,Rajatalab,Pilori,209260
Uttar Pradesh,Varanasi,Rajatalab,Pratap Patti,209347
Uttar Pradesh,Varanasi,Rajatalab,Pratappur,209249
Uttar Pradesh,Varanasi,Rajatalab,Prithvipur,209290
Uttar Pradesh,Varanasi,Rajatalab,Pura Bariyar,209170
Uttar Pradesh,Varanasi,Rajatalab,Pura Majhila,209153
Uttar Pradesh,Varanasi,Rajatalab,Purananda,209067
Uttar Pradesh,Varanasi,Rajatalab,Purandarpur,209214
Uttar Pradesh,Varanasi,Rajatalab,Purashiv,209123
Uttar Pradesh,Varanasi,Rajatalab,Pure,209183
Uttar Pradesh,Varanasi,Rajatalab,Raghunathpur,209162
Uttar Pradesh,Varanasi,Rajatalab,Raishipur Sattanpur,209078
Uttar Pradesh,Varanasi,Rajatalab,Rajapur,209368
Uttar Pradesh,Varanasi,Rajatalab,Rajjipur,209293
Uttar Pradesh,Varanasi,Rajatalab,Rajpur,209259
Uttar Pradesh,Varanasi,Rajatalab,Rakhauna,209319
Uttar Pradesh,Varanasi,Rajatalab,Rakhi,209286
Uttar Pradesh,Varanasi,Rajatalab,Rakhi Sattanpur,209071
Uttar Pradesh,Varanasi,Rajatalab,Ram Kishun Pur,209114
Uttar Pradesh,Varanasi,Rajatalab,Ramaipur,209410
Uttar Pradesh,Varanasi,Rajatalab,Ramdattpur,209575
Uttar Pradesh,Varanasi,Rajatalab,Ramdih,209066
Uttar Pradesh,Varanasi,Rajatalab,Ramnisf,209200
Uttar Pradesh,Varanasi,Rajatalab,Rampoor,209443
Uttar Pradesh,Varanasi,Rajatalab,Rampur (Khas),209077
Uttar Pradesh,Varanasi,Rajatalab,Rampur Mutllike Shattanpur,209075
Uttar Pradesh,Varanasi,Rajatalab,Rampur Raisipur,209169
Uttar Pradesh,Varanasi,Rajatalab,Ramraypur,209329
Uttar Pradesh,Varanasi,Rajatalab,Ramshipur,209496
Uttar Pradesh,Varanasi,Rajatalab,Ramsinghpur,209240
Uttar Pradesh,Varanasi,Rajatalab,Ranibazar,209322
Uttar Pradesh,Varanasi,Rajatalab,Rasulaha,209139
Uttar Pradesh,Varanasi,Rajatalab,Ratan Pur,209108
Uttar Pradesh,Varanasi,Rajatalab,Rupapur,209228
Uttar Pradesh,Varanasi,Rajatalab,Sahabajpura,209366
Uttar Pradesh,Varanasi,Rajatalab,Sahansapur,209417
Uttar Pradesh,Varanasi,Rajatalab,Sahawabad,209352
Uttar Pradesh,Varanasi,Rajatalab,Sajoi,209311
Uttar Pradesh,Varanasi,Rajatalab,Sakalpur,209166
Uttar Pradesh,Varanasi,Rajatalab,Saraimohan,209353
Uttar Pradesh,Varanasi,Rajatalab,Saraiya,209402
Uttar Pradesh,Varanasi,Rajatalab,Sarang Pur,209105
Uttar Pradesh,Varanasi,Rajatalab,Sarauni,209309
Uttar Pradesh,Varanasi,Rajatalab,Satahara,209147
Uttar Pradesh,Varanasi,Rajatalab,Sato,209093
Uttar Pradesh,Varanasi,Rajatalab,Sattanpur,209074
Uttar Pradesh,Varanasi,Rajatalab,Serwanpur,209303
Uttar Pradesh,Varanasi,Rajatalab,Shaktiyarpur,209422
Uttar Pradesh,Varanasi,Rajatalab,Shambhu Pur,209060
Uttar Pradesh,Varanasi,Rajatalab,Sheorampur,209229
Uttar Pradesh,Varanasi,Rajatalab,Shihorwa,209310
Uttar Pradesh,Varanasi,Rajatalab,Shivdaspoor,209157
Uttar Pradesh,Varanasi,Rajatalab,Shpehata,209079
Uttar Pradesh,Varanasi,Rajatalab,Sikhari,209173
Uttar Pradesh,Varanasi,Rajatalab,Singhai,209383
Uttar Pradesh,Varanasi,Rajatalab,Sinhorwa,209412
Uttar Pradesh,Varanasi,Rajatalab,Sirhira,209125
Uttar Pradesh,Varanasi,Rajatalab,Sonbarsa,209057
Uttar Pradesh,Varanasi,Rajatalab,Suichak,209335
Uttar Pradesh,Varanasi,Rajatalab,Suilara,209165
Uttar Pradesh,Varanasi,Rajatalab,Sumerapur,209218
Uttar Pradesh,Varanasi,Rajatalab,Taluva,209113
Uttar Pradesh,Varanasi,Rajatalab,Tamachabad,209182
Uttar Pradesh,Varanasi,Rajatalab,Tara Pur,209042
Uttar Pradesh,Varanasi,Rajatalab,Tariya,209396
Uttar Pradesh,Varanasi,Rajatalab,Tarsawn,209274
Uttar Pradesh,Varanasi,Rajatalab,Tatahwapur,209236
Uttar Pradesh,Varanasi,Rajatalab,Tatehara,209154
Uttar Pradesh,Varanasi,Rajatalab,Tekariya,209092
Uttar Pradesh,Varanasi,Rajatalab,Telari,209091
Uttar Pradesh,Varanasi,Rajatalab,Tendui,209099
Uttar Pradesh,Varanasi,Rajatalab,Thatra,209179
Uttar Pradesh,Varanasi,Rajatalab,Tilanga,209409
Uttar Pradesh,Varanasi,Rajatalab,Tinkerawa,209389
Uttar Pradesh,Varanasi,Rajatalab,Tiwari Pur,209116
Uttar Pradesh,Varanasi,Rajatalab,Todarpur,209197
Uttar Pradesh,Varanasi,Rajatalab,Todarpur,209358
Uttar Pradesh,Varanasi,Rajatalab,Tohaphapur,209429
Uttar Pradesh,Varanasi,Rajatalab,Tribhuvanpur,209201
Uttar Pradesh,Varanasi,Rajatalab,Tulachak,209328
Uttar Pradesh,Varanasi,Rajatalab,Tulapur,209103
Uttar Pradesh,Varanasi,Rajatalab,Uchgoan,209476
Uttar Pradesh,Varanasi,Rajatalab,Udairajpur,209483
Uttar Pradesh,Varanasi,Rajatalab,Upadhyaypur,209420
Uttar Pradesh,Varanasi,Rajatalab,Uparwar,209129
Uttar Pradesh,Varanasi,Rajatalab,Veersinghpur,209385
Uttar Pradesh,Varanasi,Rajatalab,Vihana,209177
Uttar Pradesh,Varanasi,Rajatalab,Zafarabad,209488
Uttar Pradesh,Varanasi,Rajatalab,bhaidpur,209337
Uttar Pradesh,Varanasi,Rajatalab,dhekahan,209206
Uttar Pradesh,Varanasi,Rajatalab,jivrampur,209058
Uttar Pradesh,Varanasi,Rajatalab,nevada(mahangipur),209068
